"sampleDate","sampleID","siteID","siteName","covN1_nPMMoV_meanNr","covN1_nPMMoV_sdNr","covN2_nPMMoV_meanNr","covN2_nPMMoV_sdNr","nPPMoV_Ct_mean","qualityFlag","testB117","detectB117","fractionB117","fractionB117_stdev","test_delta","detect_delta","fraction_delta","fraction_delta_stdev","testC2811T","detectC2811T","fractionC2811T","fractionC2811T_stdev"
2020-04-08,NA,"Ottawa-1","Ottawa-ROPEC",0.00026,1e-04,0.00013,4e-05,27.35,FALSE,FALSE,NA,NA,NA,NA,NA,NA,NA,NA,NA,NA,NA
2020-04-24,NA,"Ottawa-1","Ottawa-ROPEC",0.00015,6e-05,2e-05,0,26.3,FALSE,FALSE,NA,NA,NA,NA,NA,NA,NA,NA,NA,NA,NA
2020-05-05,NA,"Ottawa-1","Ottawa-ROPEC",6e-05,2e-05,8e-05,8e-05,27.04,FALSE,FALSE,NA,NA,NA,NA,NA,NA,NA,NA,NA,NA,NA
2020-05-19,NA,"Ottawa-1","Ottawa-ROPEC",4e-05,1e-05,2e-05,1e-05,27.43,FALSE,FALSE,NA,NA,NA,NA,NA,NA,NA,NA,NA,NA,NA
2020-06-02,NA,"Ottawa-1","Ottawa-ROPEC",5e-05,2e-05,4e-05,1e-05,28.19,FALSE,FALSE,NA,NA,NA,NA,NA,NA,NA,NA,NA,NA,NA
2020-06-10,NA,"Ottawa-1","Ottawa-ROPEC",1e-05,0,3e-05,2e-05,26.35,FALSE,FALSE,NA,NA,NA,NA,NA,NA,NA,NA,NA,NA,NA
2020-06-16,NA,"Ottawa-1","Ottawa-ROPEC",3e-05,0,2e-05,1e-05,27.74,FALSE,FALSE,NA,NA,NA,NA,NA,NA,NA,NA,NA,NA,NA
2020-06-17,NA,"Ottawa-1","Ottawa-ROPEC",4e-05,2e-05,2e-05,1e-05,27.85,FALSE,FALSE,NA,NA,NA,NA,NA,NA,NA,NA,NA,NA,NA
2020-06-19,NA,"Ottawa-1","Ottawa-ROPEC",2e-05,1e-05,2e-05,0,27.58,FALSE,FALSE,NA,NA,NA,NA,NA,NA,NA,NA,NA,NA,NA
2020-06-21,NA,"Ottawa-1","Ottawa-ROPEC",6e-05,4e-05,2e-05,1e-05,27.08,FALSE,FALSE,NA,NA,NA,NA,NA,NA,NA,NA,NA,NA,NA
2020-06-23,NA,"Ottawa-1","Ottawa-ROPEC",0.00029,0.00018,4e-05,0,28.28,FALSE,FALSE,NA,NA,NA,NA,NA,NA,NA,NA,NA,NA,NA
2020-06-26,NA,"Ottawa-1","Ottawa-ROPEC",6e-05,2e-05,4e-05,NA,28.28,FALSE,FALSE,NA,NA,NA,NA,NA,NA,NA,NA,NA,NA,NA
2020-06-27,NA,"Ottawa-1","Ottawa-ROPEC",8e-05,3e-05,2e-05,NA,28,FALSE,FALSE,NA,NA,NA,NA,NA,NA,NA,NA,NA,NA,NA
2020-06-30,NA,"Ottawa-1","Ottawa-ROPEC",6e-05,NA,5e-05,NA,28.57,FALSE,FALSE,NA,NA,NA,NA,NA,NA,NA,NA,NA,NA,NA
2020-07-07,NA,"Ottawa-1","Ottawa-ROPEC",4e-05,0,0,NA,26.02,FALSE,FALSE,NA,NA,NA,NA,NA,NA,NA,NA,NA,NA,NA
2020-07-09,NA,"Ottawa-1","Ottawa-ROPEC",1e-05,0,0,NA,24.58,FALSE,FALSE,NA,NA,NA,NA,NA,NA,NA,NA,NA,NA,NA
2020-07-12,NA,"Ottawa-1","Ottawa-ROPEC",6e-05,2e-05,6e-05,2e-05,26.77,FALSE,FALSE,NA,NA,NA,NA,NA,NA,NA,NA,NA,NA,NA
2020-07-13,NA,"Ottawa-1","Ottawa-ROPEC",1e-05,0,0,NA,25.74,FALSE,FALSE,NA,NA,NA,NA,NA,NA,NA,NA,NA,NA,NA
2020-07-15,NA,"Ottawa-1","Ottawa-ROPEC",8e-05,3e-05,6e-05,NA,26.17,FALSE,FALSE,NA,NA,NA,NA,NA,NA,NA,NA,NA,NA,NA
2020-07-17,NA,"Ottawa-1","Ottawa-ROPEC",0.00026,9e-05,3e-04,0.00011,28.17,FALSE,FALSE,NA,NA,NA,NA,NA,NA,NA,NA,NA,NA,NA
2020-07-19,NA,"Ottawa-1","Ottawa-ROPEC",0.00026,9e-05,0.00035,4e-05,28.27,FALSE,FALSE,NA,NA,NA,NA,NA,NA,NA,NA,NA,NA,NA
2020-07-21,NA,"Ottawa-1","Ottawa-ROPEC",9e-05,NA,3e-05,1e-05,26.74,FALSE,FALSE,NA,NA,NA,NA,NA,NA,NA,NA,NA,NA,NA
2020-07-23,NA,"Ottawa-1","Ottawa-ROPEC",0.00014,4e-05,0.00022,6e-05,27.43,FALSE,FALSE,NA,NA,NA,NA,NA,NA,NA,NA,NA,NA,NA
2020-07-25,NA,"Ottawa-1","Ottawa-ROPEC",0.00024,3e-05,9e-05,4e-05,27.76,FALSE,FALSE,NA,NA,NA,NA,NA,NA,NA,NA,NA,NA,NA
2020-07-27,NA,"Ottawa-1","Ottawa-ROPEC",0.00016,5e-05,0.00014,3e-05,27.38,FALSE,FALSE,NA,NA,NA,NA,NA,NA,NA,NA,NA,NA,NA
2020-07-29,NA,"Ottawa-1","Ottawa-ROPEC",0.00014,3e-05,9e-05,3e-05,26.84,FALSE,FALSE,NA,NA,NA,NA,NA,NA,NA,NA,NA,NA,NA
2020-07-31,NA,"Ottawa-1","Ottawa-ROPEC",7e-05,2e-05,0.00011,0,26.6,FALSE,FALSE,NA,NA,NA,NA,NA,NA,NA,NA,NA,NA,NA
2020-08-04,NA,"Ottawa-1","Ottawa-ROPEC",0.00012,3e-05,0.00021,2e-05,27.5,FALSE,FALSE,NA,NA,NA,NA,NA,NA,NA,NA,NA,NA,NA
2020-08-08,NA,"Ottawa-1","Ottawa-ROPEC",0.00017,5e-05,0.00013,7e-05,28.41,FALSE,FALSE,NA,NA,NA,NA,NA,NA,NA,NA,NA,NA,NA
2020-08-10,NA,"Ottawa-1","Ottawa-ROPEC",0.00013,4e-05,0.00011,8e-05,27.22,FALSE,FALSE,NA,NA,NA,NA,NA,NA,NA,NA,NA,NA,NA
2020-08-12,NA,"Ottawa-1","Ottawa-ROPEC",0.00022,2e-05,6e-05,1e-05,27.24,FALSE,FALSE,NA,NA,NA,NA,NA,NA,NA,NA,NA,NA,NA
2020-08-14,NA,"Ottawa-1","Ottawa-ROPEC",0.00013,6e-05,5e-05,NA,26.66,FALSE,FALSE,NA,NA,NA,NA,NA,NA,NA,NA,NA,NA,NA
2020-08-16,NA,"Ottawa-1","Ottawa-ROPEC",0.00016,5e-05,0.00017,1e-04,27.94,FALSE,FALSE,NA,NA,NA,NA,NA,NA,NA,NA,NA,NA,NA
2020-08-18,NA,"Ottawa-1","Ottawa-ROPEC",0.00028,1e-04,0.00023,7e-05,27.33,FALSE,FALSE,NA,NA,NA,NA,NA,NA,NA,NA,NA,NA,NA
2020-08-22,NA,"Ottawa-1","Ottawa-ROPEC",0.00012,6e-05,0.00017,3e-05,27.24,FALSE,FALSE,NA,NA,NA,NA,NA,NA,NA,NA,NA,NA,NA
2020-08-24,NA,"Ottawa-1","Ottawa-ROPEC",0.00021,1e-05,0.00018,9e-05,27.71,FALSE,FALSE,NA,NA,NA,NA,NA,NA,NA,NA,NA,NA,NA
2020-08-26,NA,"Ottawa-1","Ottawa-ROPEC",0.00032,6e-05,2e-04,2e-05,26.76,FALSE,FALSE,NA,NA,NA,NA,NA,NA,NA,NA,NA,NA,NA
2020-08-28,NA,"Ottawa-1","Ottawa-ROPEC",0.00037,2e-04,0.00022,3e-05,26.85,FALSE,FALSE,NA,NA,NA,NA,NA,NA,NA,NA,NA,NA,NA
2020-08-30,NA,"Ottawa-1","Ottawa-ROPEC",0.00023,9e-05,0.00026,2e-05,27.06,FALSE,FALSE,NA,NA,NA,NA,NA,NA,NA,NA,NA,NA,NA
2020-09-01,NA,"Ottawa-1","Ottawa-ROPEC",0.00013,2e-05,8e-05,4e-05,25.62,FALSE,FALSE,NA,NA,NA,NA,NA,NA,NA,NA,NA,NA,NA
2020-09-03,NA,"Ottawa-1","Ottawa-ROPEC",0.00013,3e-05,0.00016,4e-05,25.59,FALSE,FALSE,NA,NA,NA,NA,NA,NA,NA,NA,NA,NA,NA
2020-09-05,NA,"Ottawa-1","Ottawa-ROPEC",2e-04,1e-05,0.00018,0.00011,26.04,FALSE,FALSE,NA,NA,NA,NA,NA,NA,NA,NA,NA,NA,NA
2020-09-07,NA,"Ottawa-1","Ottawa-ROPEC",0.00017,2e-05,0.00013,1e-05,26.08,FALSE,FALSE,NA,NA,NA,NA,NA,NA,NA,NA,NA,NA,NA
2020-09-10,NA,"Ottawa-1","Ottawa-ROPEC",0.00025,0.00015,0.00025,1e-04,27.4,FALSE,FALSE,NA,NA,NA,NA,NA,NA,NA,NA,NA,NA,NA
2020-09-11,NA,"Ottawa-1","Ottawa-ROPEC",0.00014,7e-05,0.00012,5e-05,26.31,FALSE,FALSE,NA,NA,NA,NA,NA,NA,NA,NA,NA,NA,NA
2020-09-12,NA,"Ottawa-1","Ottawa-ROPEC",0.00013,3e-05,0.00019,0.00011,26.56,FALSE,FALSE,NA,NA,NA,NA,NA,NA,NA,NA,NA,NA,NA
2020-09-13,NA,"Ottawa-1","Ottawa-ROPEC",0.00021,5e-05,0.00029,1e-04,27.45,FALSE,FALSE,NA,NA,NA,NA,NA,NA,NA,NA,NA,NA,NA
2020-09-14,NA,"Ottawa-1","Ottawa-ROPEC",2e-04,4e-05,0.00022,3e-05,27.02,FALSE,FALSE,NA,NA,NA,NA,NA,NA,NA,NA,NA,NA,NA
2020-09-15,NA,"Ottawa-1","Ottawa-ROPEC",2e-04,6e-05,0.00023,3e-05,26.85,FALSE,FALSE,NA,NA,NA,NA,NA,NA,NA,NA,NA,NA,NA
2020-09-16,NA,"Ottawa-1","Ottawa-ROPEC",6e-05,1e-05,9e-05,2e-05,26.23,FALSE,FALSE,NA,NA,NA,NA,NA,NA,NA,NA,NA,NA,NA
2020-09-17,NA,"Ottawa-1","Ottawa-ROPEC",2e-04,NA,0.00019,4e-05,27.88,FALSE,FALSE,NA,NA,NA,NA,NA,NA,NA,NA,NA,NA,NA
2020-09-18,NA,"Ottawa-1","Ottawa-ROPEC",0.00011,4e-05,0.00025,7e-05,27.57,FALSE,FALSE,NA,NA,NA,NA,NA,NA,NA,NA,NA,NA,NA
2020-09-19,NA,"Ottawa-1","Ottawa-ROPEC",0.00033,6e-05,0.00033,7e-05,26.94,FALSE,FALSE,NA,NA,NA,NA,NA,NA,NA,NA,NA,NA,NA
2020-09-20,NA,"Ottawa-1","Ottawa-ROPEC",0.00014,5e-05,0.00011,2e-05,26,FALSE,FALSE,NA,NA,NA,NA,NA,NA,NA,NA,NA,NA,NA
2020-09-21,NA,"Ottawa-1","Ottawa-ROPEC",0.00029,1e-05,0.00034,4e-05,26.63,FALSE,FALSE,NA,NA,NA,NA,NA,NA,NA,NA,NA,NA,NA
2020-09-22,NA,"Ottawa-1","Ottawa-ROPEC",0.00031,0.00014,0.00049,0.00023,28.8,FALSE,FALSE,NA,NA,NA,NA,NA,NA,NA,NA,NA,NA,NA
2020-09-23,NA,"Ottawa-1","Ottawa-ROPEC",0.00021,1e-05,0.00023,8e-05,26.94,FALSE,FALSE,NA,NA,NA,NA,NA,NA,NA,NA,NA,NA,NA
2020-09-24,NA,"Ottawa-1","Ottawa-ROPEC",8e-05,1e-05,0.00014,3e-05,26.64,FALSE,FALSE,NA,NA,NA,NA,NA,NA,NA,NA,NA,NA,NA
2020-09-25,NA,"Ottawa-1","Ottawa-ROPEC",1e-04,5e-05,0.00016,5e-05,26.78,FALSE,FALSE,NA,NA,NA,NA,NA,NA,NA,NA,NA,NA,NA
2020-09-26,NA,"Ottawa-1","Ottawa-ROPEC",0.00017,2e-05,0.00028,6e-05,26.75,FALSE,FALSE,NA,NA,NA,NA,NA,NA,NA,NA,NA,NA,NA
2020-09-27,NA,"Ottawa-1","Ottawa-ROPEC",0.00023,2e-05,0.00027,2e-05,26.35,FALSE,FALSE,NA,NA,NA,NA,NA,NA,NA,NA,NA,NA,NA
2020-09-28,NA,"Ottawa-1","Ottawa-ROPEC",0.00032,6e-05,0.00037,6e-05,27.86,FALSE,FALSE,NA,NA,NA,NA,NA,NA,NA,NA,NA,NA,NA
2020-09-29,NA,"Ottawa-1","Ottawa-ROPEC",0.00037,0.00014,0.00043,0.00019,27.92,FALSE,FALSE,NA,NA,NA,NA,NA,NA,NA,NA,NA,NA,NA
2020-09-30,NA,"Ottawa-1","Ottawa-ROPEC",0.00028,0.00016,0.00024,0.00015,25.95,FALSE,FALSE,NA,NA,NA,NA,NA,NA,NA,NA,NA,NA,NA
2020-10-01,NA,"Ottawa-1","Ottawa-ROPEC",0.00071,1e-04,0.00098,0.00041,28.06,FALSE,FALSE,NA,NA,NA,NA,NA,NA,NA,NA,NA,NA,NA
2020-10-02,NA,"Ottawa-1","Ottawa-ROPEC",0.00037,7e-05,0.00034,5e-05,26.27,FALSE,FALSE,NA,NA,NA,NA,NA,NA,NA,NA,NA,NA,NA
2020-10-03,NA,"Ottawa-1","Ottawa-ROPEC",3e-04,4e-05,0.00026,2e-05,25.58,FALSE,FALSE,NA,NA,NA,NA,NA,NA,NA,NA,NA,NA,NA
2020-10-04,NA,"Ottawa-1","Ottawa-ROPEC",0.00011,2e-05,0.00013,0,25.09,FALSE,FALSE,NA,NA,NA,NA,NA,NA,NA,NA,NA,NA,NA
2020-10-05,NA,"Ottawa-1","Ottawa-ROPEC",0.00036,2e-05,5e-04,3e-05,26.53,FALSE,FALSE,NA,NA,NA,NA,NA,NA,NA,NA,NA,NA,NA
2020-10-06,NA,"Ottawa-1","Ottawa-ROPEC",0.00048,0.00018,0.00066,8e-05,27.153,FALSE,FALSE,NA,NA,NA,NA,NA,NA,NA,NA,NA,NA,NA
2020-10-07,NA,"Ottawa-1","Ottawa-ROPEC",0.00042,0.00014,0.00051,0.00016,26.926,FALSE,FALSE,NA,NA,NA,NA,NA,NA,NA,NA,NA,NA,NA
2020-10-08,NA,"Ottawa-1","Ottawa-ROPEC",0.00026,5e-05,0.00056,3e-05,25.88,FALSE,FALSE,NA,NA,NA,NA,NA,NA,NA,NA,NA,NA,NA
2020-10-09,NA,"Ottawa-1","Ottawa-ROPEC",0.00041,3e-05,0.00059,5e-05,26.39,FALSE,FALSE,NA,NA,NA,NA,NA,NA,NA,NA,NA,NA,NA
2020-10-10,NA,"Ottawa-1","Ottawa-ROPEC",5e-04,5e-05,0.00101,0.00022,26.053,FALSE,FALSE,NA,NA,NA,NA,NA,NA,NA,NA,NA,NA,NA
2020-10-11,NA,"Ottawa-1","Ottawa-ROPEC",0.00082,2e-04,0.00113,0.00068,28.336,FALSE,FALSE,NA,NA,NA,NA,NA,NA,NA,NA,NA,NA,NA
2020-10-12,NA,"Ottawa-1","Ottawa-ROPEC",0.0015,0.00015,0.00154,0.00017,28.016,FALSE,FALSE,NA,NA,NA,NA,NA,NA,NA,NA,NA,NA,NA
2020-10-14,NA,"Ottawa-1","Ottawa-ROPEC",0.00068,0.00011,0.00056,7e-05,26.022,FALSE,FALSE,NA,NA,NA,NA,NA,NA,NA,NA,NA,NA,NA
2020-10-15,NA,"Ottawa-1","Ottawa-ROPEC",3e-04,2e-05,4e-04,2e-05,26.261,FALSE,FALSE,NA,NA,NA,NA,NA,NA,NA,NA,NA,NA,NA
2020-10-16,NA,"Ottawa-1","Ottawa-ROPEC",0.00055,9e-05,0.00066,6e-05,26.916,FALSE,FALSE,NA,NA,NA,NA,NA,NA,NA,NA,NA,NA,NA
2020-10-17,NA,"Ottawa-1","Ottawa-ROPEC",0.00072,8e-05,0.00082,1e-04,27.052,FALSE,FALSE,NA,NA,NA,NA,NA,NA,NA,NA,NA,NA,NA
2020-10-18,NA,"Ottawa-1","Ottawa-ROPEC",0.00041,5e-05,0.00046,7e-05,25.39,FALSE,FALSE,NA,NA,NA,NA,NA,NA,NA,NA,NA,NA,NA
2020-10-19,NA,"Ottawa-1","Ottawa-ROPEC",0.00038,3e-05,0.00057,0.00011,25.9,FALSE,FALSE,NA,NA,NA,NA,NA,NA,NA,NA,NA,NA,NA
2020-10-20,NA,"Ottawa-1","Ottawa-ROPEC",0.00108,4e-05,0.00143,0.00021,27.637,FALSE,FALSE,NA,NA,NA,NA,NA,NA,NA,NA,NA,NA,NA
2020-10-21,NA,"Ottawa-1","Ottawa-ROPEC",0.00025,2e-05,0.00022,4e-05,26.363,FALSE,FALSE,NA,NA,NA,NA,NA,NA,NA,NA,NA,NA,NA
2020-10-22,NA,"Ottawa-1","Ottawa-ROPEC",0.00093,0.00025,0.00053,1e-04,26.14,FALSE,FALSE,NA,NA,NA,NA,NA,NA,NA,NA,NA,NA,NA
2020-10-23,NA,"Ottawa-1","Ottawa-ROPEC",0.00081,4e-05,0.00068,7e-05,25.94,FALSE,FALSE,NA,NA,NA,NA,NA,NA,NA,NA,NA,NA,NA
2020-10-24,NA,"Ottawa-1","Ottawa-ROPEC",0.00165,0.00022,0.00102,0.00017,26.327,FALSE,FALSE,NA,NA,NA,NA,NA,NA,NA,NA,NA,NA,NA
2020-10-25,NA,"Ottawa-1","Ottawa-ROPEC",0.00032,3e-05,0.00036,4e-05,25.62,FALSE,FALSE,NA,NA,NA,NA,NA,NA,NA,NA,NA,NA,NA
2020-10-26,NA,"Ottawa-1","Ottawa-ROPEC",0.00089,0,0.00063,0.00012,26.48,FALSE,FALSE,NA,NA,NA,NA,NA,NA,NA,NA,NA,NA,NA
2020-10-27,NA,"Ottawa-1","Ottawa-ROPEC",0.00032,5e-05,0.00047,7e-05,25.997,FALSE,FALSE,NA,NA,NA,NA,NA,NA,NA,NA,NA,NA,NA
2020-10-28,NA,"Ottawa-1","Ottawa-ROPEC",0.00025,5e-05,0.00037,5e-05,26.527,FALSE,FALSE,NA,NA,NA,NA,NA,NA,NA,NA,NA,NA,NA
2020-10-29,NA,"Ottawa-1","Ottawa-ROPEC",0.00038,0.00011,6e-04,3e-05,26.84,FALSE,FALSE,NA,NA,NA,NA,NA,NA,NA,NA,NA,NA,NA
2020-11-01,NA,"Ottawa-1","Ottawa-ROPEC",0.00054,7e-05,0.00072,1e-05,30.612,FALSE,FALSE,NA,NA,NA,NA,NA,NA,NA,NA,NA,NA,NA
2020-11-02,NA,"Ottawa-1","Ottawa-ROPEC",0.00034,3e-05,0.00025,1e-05,27.563,FALSE,FALSE,NA,NA,NA,NA,NA,NA,NA,NA,NA,NA,NA
2020-11-03,NA,"Ottawa-1","Ottawa-ROPEC",0.00021,2e-05,0.00016,2e-05,28.11,FALSE,FALSE,NA,NA,NA,NA,NA,NA,NA,NA,NA,NA,NA
2020-11-04,NA,"Ottawa-1","Ottawa-ROPEC",0.00033,3e-05,0.00023,0,28.157,FALSE,FALSE,NA,NA,NA,NA,NA,NA,NA,NA,NA,NA,NA
2020-11-05,NA,"Ottawa-1","Ottawa-ROPEC",0.00094,0,0.00064,5e-05,28.723,FALSE,FALSE,NA,NA,NA,NA,NA,NA,NA,NA,NA,NA,NA
2020-11-06,NA,"Ottawa-1","Ottawa-ROPEC",7e-04,0.00011,0.00053,5e-05,27.98,FALSE,FALSE,NA,NA,NA,NA,NA,NA,NA,NA,NA,NA,NA
2020-11-07,NA,"Ottawa-1","Ottawa-ROPEC",0.00104,0.00011,0.00056,5e-05,28.073,FALSE,FALSE,NA,NA,NA,NA,NA,NA,NA,NA,NA,NA,NA
2020-11-08,NA,"Ottawa-1","Ottawa-ROPEC",0.00035,3e-05,0.00044,4e-05,26.454,FALSE,FALSE,NA,NA,NA,NA,NA,NA,NA,NA,NA,NA,NA
2020-11-09,NA,"Ottawa-1","Ottawa-ROPEC",0.00041,3e-05,0.00046,7e-05,26.086,FALSE,FALSE,NA,NA,NA,NA,NA,NA,NA,NA,NA,NA,NA
2020-11-10,NA,"Ottawa-1","Ottawa-ROPEC",0.0022,0,0.00036,4e-05,28.09,FALSE,FALSE,NA,NA,NA,NA,NA,NA,NA,NA,NA,NA,NA
2020-11-11,NA,"Ottawa-1","Ottawa-ROPEC",0.00029,2e-05,0.00045,3e-05,26.058,FALSE,FALSE,NA,NA,NA,NA,NA,NA,NA,NA,NA,NA,NA
2020-11-12,NA,"Ottawa-1","Ottawa-ROPEC",0.00046,2e-05,0.00026,4e-05,25.911,FALSE,FALSE,NA,NA,NA,NA,NA,NA,NA,NA,NA,NA,NA
2020-11-13,NA,"Ottawa-1","Ottawa-ROPEC",4e-04,7e-05,0.00027,5e-05,26.718,FALSE,FALSE,NA,NA,NA,NA,NA,NA,NA,NA,NA,NA,NA
2020-11-14,NA,"Ottawa-1","Ottawa-ROPEC",5e-04,6e-05,0.00038,6e-05,26.069,FALSE,FALSE,NA,NA,NA,NA,NA,NA,NA,NA,NA,NA,NA
2020-11-15,NA,"Ottawa-1","Ottawa-ROPEC",0.00027,4e-05,0.00034,5e-05,25.993,FALSE,FALSE,NA,NA,NA,NA,NA,NA,NA,NA,NA,NA,NA
2020-11-16,NA,"Ottawa-1","Ottawa-ROPEC",0.00066,8e-05,8e-04,0.00016,27.247,FALSE,FALSE,NA,NA,NA,NA,NA,NA,NA,NA,NA,NA,NA
2020-11-17,NA,"Ottawa-1","Ottawa-ROPEC",0.00016,5e-05,0.00032,5e-05,26.875,FALSE,FALSE,NA,NA,NA,NA,NA,NA,NA,NA,NA,NA,NA
2020-11-18,NA,"Ottawa-1","Ottawa-ROPEC",3e-04,9e-05,0.00025,4e-05,27.355,FALSE,FALSE,NA,NA,NA,NA,NA,NA,NA,NA,NA,NA,NA
2020-11-19,NA,"Ottawa-1","Ottawa-ROPEC",0.00018,4e-05,0.00012,3e-05,24.515,FALSE,FALSE,NA,NA,NA,NA,NA,NA,NA,NA,NA,NA,NA
2020-11-20,NA,"Ottawa-1","Ottawa-ROPEC",0.00038,1e-04,0.00012,4e-05,26.299,FALSE,FALSE,NA,NA,NA,NA,NA,NA,NA,NA,NA,NA,NA
2020-11-21,NA,"Ottawa-1","Ottawa-ROPEC",0.00032,0,4e-04,1e-05,25.479,FALSE,FALSE,NA,NA,NA,NA,NA,NA,NA,NA,NA,NA,NA
2020-11-22,NA,"Ottawa-1","Ottawa-ROPEC",0.00033,6e-05,0.00046,2e-05,27.493,FALSE,FALSE,NA,NA,NA,NA,NA,NA,NA,NA,NA,NA,NA
2020-11-23,NA,"Ottawa-1","Ottawa-ROPEC",0.00032,2e-05,0.00035,5e-05,26.76,FALSE,FALSE,NA,NA,NA,NA,NA,NA,NA,NA,NA,NA,NA
2020-11-24,NA,"Ottawa-1","Ottawa-ROPEC",8e-04,0.00011,0.00105,3e-04,27.113,FALSE,FALSE,NA,NA,NA,NA,NA,NA,NA,NA,NA,NA,NA
2020-11-25,NA,"Ottawa-1","Ottawa-ROPEC",0.00015,2e-05,0.00035,6e-05,27.103,FALSE,FALSE,NA,NA,NA,NA,NA,NA,NA,NA,NA,NA,NA
2020-11-26,NA,"Ottawa-1","Ottawa-ROPEC",0.00026,5e-05,0.00034,9e-05,26.47,FALSE,FALSE,NA,NA,NA,NA,NA,NA,NA,NA,NA,NA,NA
2020-11-27,NA,"Ottawa-1","Ottawa-ROPEC",0.00027,7e-05,0.00036,9e-05,26.267,FALSE,FALSE,NA,NA,NA,NA,NA,NA,NA,NA,NA,NA,NA
2020-11-28,NA,"Ottawa-1","Ottawa-ROPEC",0.00023,3e-05,0.00031,3e-05,26.46,FALSE,FALSE,NA,NA,NA,NA,NA,NA,NA,NA,NA,NA,NA
2020-11-29,NA,"Ottawa-1","Ottawa-ROPEC",0.00038,2e-05,0.00054,2e-05,27.129,FALSE,FALSE,NA,NA,NA,NA,NA,NA,NA,NA,NA,NA,NA
2020-11-30,NA,"Ottawa-1","Ottawa-ROPEC",0.00021,2e-05,0.00031,4e-05,25.397,FALSE,FALSE,NA,NA,NA,NA,NA,NA,NA,NA,NA,NA,NA
2020-12-01,NA,"Ottawa-1","Ottawa-ROPEC",7e-05,1e-05,1e-04,1e-05,27.116,FALSE,FALSE,NA,NA,NA,NA,NA,NA,NA,NA,NA,NA,NA
2020-12-02,NA,"Ottawa-1","Ottawa-ROPEC",7e-05,1e-05,7e-05,1e-05,25.961,FALSE,FALSE,NA,NA,NA,NA,NA,NA,NA,NA,NA,NA,NA
2020-12-03,NA,"Ottawa-1","Ottawa-ROPEC",6e-05,1e-05,8e-05,2e-05,26.29,FALSE,FALSE,NA,NA,NA,NA,NA,NA,NA,NA,NA,NA,NA
2020-12-04,NA,"Ottawa-1","Ottawa-ROPEC",7e-05,1e-05,0.00014,2e-05,26.2,FALSE,FALSE,NA,NA,NA,NA,NA,NA,NA,NA,NA,NA,NA
2020-12-05,NA,"Ottawa-1","Ottawa-ROPEC",7e-05,0,0.00015,1e-05,26.193,FALSE,FALSE,NA,NA,NA,NA,NA,NA,NA,NA,NA,NA,NA
2020-12-06,NA,"Ottawa-1","Ottawa-ROPEC",0.00068,0.00014,0.00082,7e-05,26.973,FALSE,FALSE,NA,NA,NA,NA,NA,NA,NA,NA,NA,NA,NA
2020-12-07,NA,"Ottawa-1","Ottawa-ROPEC",1e-04,0,8e-05,1e-05,26.47,FALSE,FALSE,NA,NA,NA,NA,NA,NA,NA,NA,NA,NA,NA
2020-12-08,NA,"Ottawa-1","Ottawa-ROPEC",0.00014,2e-05,0.00017,1e-05,27.32,FALSE,FALSE,NA,NA,NA,NA,NA,NA,NA,NA,NA,NA,NA
2020-12-09,NA,"Ottawa-1","Ottawa-ROPEC",0.00018,3e-05,0.00013,2e-05,27.687,FALSE,FALSE,NA,NA,NA,NA,NA,NA,NA,NA,NA,NA,NA
2020-12-10,NA,"Ottawa-1","Ottawa-ROPEC",0.00029,2e-05,0.00039,9e-05,27.23,FALSE,FALSE,NA,NA,NA,NA,NA,NA,NA,NA,NA,NA,NA
2020-12-11,NA,"Ottawa-1","Ottawa-ROPEC",0.00021,5e-05,0.00032,2e-05,26.357,FALSE,FALSE,NA,NA,NA,NA,NA,NA,NA,NA,NA,NA,NA
2020-12-12,NA,"Ottawa-1","Ottawa-ROPEC",0.00031,5e-05,0.00047,5e-05,26.623,FALSE,FALSE,NA,NA,NA,NA,NA,NA,NA,NA,NA,NA,NA
2020-12-13,NA,"Ottawa-1","Ottawa-ROPEC",0.00028,6e-05,3e-04,9e-05,26.58,FALSE,FALSE,NA,NA,NA,NA,NA,NA,NA,NA,NA,NA,NA
2020-12-14,NA,"Ottawa-1","Ottawa-ROPEC",0.00033,3e-05,0.00037,5e-05,26.747,FALSE,FALSE,NA,NA,NA,NA,NA,NA,NA,NA,NA,NA,NA
2020-12-15,NA,"Ottawa-1","Ottawa-ROPEC",0.00023,5e-05,0.00015,6e-05,26.307,FALSE,FALSE,NA,NA,NA,NA,NA,NA,NA,NA,NA,NA,NA
2020-12-16,NA,"Ottawa-1","Ottawa-ROPEC",0.00037,2e-04,5e-04,0.00024,28.832,FALSE,FALSE,NA,NA,NA,NA,NA,NA,NA,NA,NA,NA,NA
2020-12-17,NA,"Ottawa-1","Ottawa-ROPEC",0.00024,1e-05,0.00027,2e-05,26.853,FALSE,FALSE,NA,NA,NA,NA,NA,NA,NA,NA,NA,NA,NA
2020-12-18,NA,"Ottawa-1","Ottawa-ROPEC",0.00038,2e-05,0.00043,7e-05,26.773,FALSE,FALSE,NA,NA,NA,NA,NA,NA,NA,NA,NA,NA,NA
2020-12-19,NA,"Ottawa-1","Ottawa-ROPEC",0.00031,2e-05,0.00044,4e-05,25.853,FALSE,FALSE,NA,NA,NA,NA,NA,NA,NA,NA,NA,NA,NA
2020-12-20,NA,"Ottawa-1","Ottawa-ROPEC",0.00038,5e-05,0.00046,0.00017,26.813,FALSE,FALSE,NA,NA,NA,NA,NA,NA,NA,NA,NA,NA,NA
2020-12-21,NA,"Ottawa-1","Ottawa-ROPEC",3e-04,6e-05,4e-04,2e-05,26.34,FALSE,FALSE,NA,NA,NA,NA,NA,NA,NA,NA,NA,NA,NA
2020-12-22,NA,"Ottawa-1","Ottawa-ROPEC",6e-05,2e-05,8e-05,2e-05,25.147,FALSE,FALSE,NA,NA,NA,NA,NA,NA,NA,NA,NA,NA,NA
2020-12-23,NA,"Ottawa-1","Ottawa-ROPEC",0.00082,0.00027,0.00028,8e-05,27.013,FALSE,FALSE,NA,NA,NA,NA,NA,NA,NA,NA,NA,NA,NA
2020-12-24,NA,"Ottawa-1","Ottawa-ROPEC",0.00074,0.00013,0.00092,0.00024,27.14,FALSE,FALSE,NA,NA,NA,NA,NA,NA,NA,NA,NA,NA,NA
2020-12-25,NA,"Ottawa-1","Ottawa-ROPEC",0.00068,0.00018,0.00063,0.00011,28.39,FALSE,FALSE,NA,NA,NA,NA,NA,NA,NA,NA,NA,NA,NA
2020-12-26,NA,"Ottawa-1","Ottawa-ROPEC",5e-04,5e-05,0.00045,2e-05,27.967,FALSE,FALSE,NA,NA,NA,NA,NA,NA,NA,NA,NA,NA,NA
2020-12-27,NA,"Ottawa-1","Ottawa-ROPEC",0.00019,2e-05,0.00036,0.00013,27.893,FALSE,FALSE,NA,NA,NA,NA,NA,NA,NA,NA,NA,NA,NA
2020-12-28,NA,"Ottawa-1","Ottawa-ROPEC",0.00057,0.00016,0.00053,4e-05,28.273,FALSE,FALSE,NA,NA,NA,NA,NA,NA,NA,NA,NA,NA,NA
2020-12-29,NA,"Ottawa-1","Ottawa-ROPEC",0.00039,0.00011,0.00064,0.00011,28.37,FALSE,FALSE,NA,NA,NA,NA,NA,NA,NA,NA,NA,NA,NA
2020-12-30,NA,"Ottawa-1","Ottawa-ROPEC",0.00048,6e-05,4e-04,7e-05,26.405,FALSE,FALSE,NA,NA,NA,NA,NA,NA,NA,NA,NA,NA,NA
2020-12-31,NA,"Ottawa-1","Ottawa-ROPEC",4e-04,1e-05,0.00041,6e-05,26.433,FALSE,FALSE,NA,NA,NA,NA,NA,NA,NA,NA,NA,NA,NA
2021-01-01,NA,"Ottawa-1","Ottawa-ROPEC",0.00074,6e-05,0.00051,3e-05,26.732,FALSE,FALSE,NA,NA,NA,NA,NA,NA,NA,NA,NA,NA,NA
2021-01-02,NA,"Ottawa-1","Ottawa-ROPEC",0.00072,7e-05,0.00056,2e-05,26.749,FALSE,FALSE,NA,NA,NA,NA,NA,NA,NA,NA,NA,NA,NA
2021-01-03,NA,"Ottawa-1","Ottawa-ROPEC",0.00042,2e-05,0.00051,3e-05,26.484,FALSE,FALSE,NA,NA,NA,NA,NA,NA,NA,NA,NA,NA,NA
2021-01-04,NA,"Ottawa-1","Ottawa-ROPEC",0.00069,6e-05,6e-04,1e-04,27.287,FALSE,FALSE,NA,NA,NA,NA,NA,NA,NA,NA,NA,NA,NA
2021-01-05,NA,"Ottawa-1","Ottawa-ROPEC",0.00055,0.00019,0.00057,9e-05,27.634,FALSE,FALSE,NA,NA,NA,NA,NA,NA,NA,NA,NA,NA,NA
2021-01-06,NA,"Ottawa-1","Ottawa-ROPEC",0.00069,1e-04,0.00089,2e-04,27.443,FALSE,FALSE,NA,NA,NA,NA,NA,NA,NA,NA,NA,NA,NA
2021-01-07,NA,"Ottawa-1","Ottawa-ROPEC",0.00043,6e-05,3e-04,8e-05,27.28,FALSE,FALSE,NA,NA,NA,NA,NA,NA,NA,NA,NA,NA,NA
2021-01-08,NA,"Ottawa-1","Ottawa-ROPEC",0.00051,7e-05,4e-04,9e-05,27.267,FALSE,FALSE,NA,NA,NA,NA,NA,NA,NA,NA,NA,NA,NA
2021-01-09,NA,"Ottawa-1","Ottawa-ROPEC",0.00075,8e-05,6e-04,0.00011,27.827,FALSE,FALSE,NA,NA,NA,NA,NA,NA,NA,NA,NA,NA,NA
2021-01-10,NA,"Ottawa-1","Ottawa-ROPEC",0.00052,0.00011,0.00064,0.00025,27.936,FALSE,FALSE,NA,NA,NA,NA,NA,NA,NA,NA,NA,NA,NA
2021-01-11,NA,"Ottawa-1","Ottawa-ROPEC",0.00087,0.00012,0.00054,0.00016,29.378,FALSE,FALSE,NA,NA,NA,NA,NA,NA,NA,NA,NA,NA,NA
2021-01-12,NA,"Ottawa-1","Ottawa-ROPEC",0.00038,0.00013,0.00056,8e-05,28.127,FALSE,FALSE,NA,NA,NA,NA,NA,NA,NA,NA,NA,NA,NA
2021-01-13,NA,"Ottawa-1","Ottawa-ROPEC",0.00062,0.00011,0.00045,0.00013,27.114,FALSE,FALSE,NA,NA,NA,NA,NA,NA,NA,NA,NA,NA,NA
2021-01-14,NA,"Ottawa-1","Ottawa-ROPEC",0.00047,0.00014,0.00021,9e-05,28.327,FALSE,FALSE,NA,NA,NA,NA,NA,NA,NA,NA,NA,NA,NA
2021-01-15,NA,"Ottawa-1","Ottawa-ROPEC",0.00051,6e-05,0.00065,1e-04,26.974,FALSE,FALSE,NA,NA,NA,NA,NA,NA,NA,NA,NA,NA,NA
2021-01-16,NA,"Ottawa-1","Ottawa-ROPEC",6e-04,0.00018,0.00061,2e-05,27.801,FALSE,FALSE,NA,NA,NA,NA,NA,NA,NA,NA,NA,NA,NA
2021-01-17,NA,"Ottawa-1","Ottawa-ROPEC",0.00077,0.00023,0.00086,0.00027,27.987,FALSE,FALSE,NA,NA,NA,NA,NA,NA,NA,NA,NA,NA,NA
2021-01-18,NA,"Ottawa-1","Ottawa-ROPEC",0.00036,3e-05,0.00018,7e-05,27.43,FALSE,FALSE,NA,NA,NA,NA,NA,NA,NA,NA,NA,NA,NA
2021-01-19,NA,"Ottawa-1","Ottawa-ROPEC",0.00034,1e-04,0.00058,0.00012,27.212,FALSE,FALSE,NA,NA,NA,NA,NA,NA,NA,NA,NA,NA,NA
2021-01-20,NA,"Ottawa-1","Ottawa-ROPEC",7e-04,0.00024,0.00116,0.00031,29.055,FALSE,FALSE,NA,NA,NA,NA,NA,NA,NA,NA,NA,NA,NA
2021-01-21,NA,"Ottawa-1","Ottawa-ROPEC",0.00044,7e-05,0.00025,6e-05,28.363,FALSE,FALSE,NA,NA,NA,NA,NA,NA,NA,NA,NA,NA,NA
2021-01-22,NA,"Ottawa-1","Ottawa-ROPEC",0.00058,0.00016,0.00038,9e-05,28.26,FALSE,FALSE,NA,NA,NA,NA,NA,NA,NA,NA,NA,NA,NA
2021-01-23,NA,"Ottawa-1","Ottawa-ROPEC",0.00033,7e-05,0.00021,8e-05,28.153,FALSE,FALSE,NA,NA,NA,NA,NA,NA,NA,NA,NA,NA,NA
2021-01-24,NA,"Ottawa-1","Ottawa-ROPEC",0.00029,2e-05,0.00015,7e-05,27.472,FALSE,FALSE,NA,NA,NA,NA,NA,NA,NA,NA,NA,NA,NA
2021-01-25,NA,"Ottawa-1","Ottawa-ROPEC",0.00019,4e-05,0.00074,0.00011,26.129,FALSE,FALSE,NA,NA,NA,NA,NA,NA,NA,NA,NA,NA,NA
2021-01-26,NA,"Ottawa-1","Ottawa-ROPEC",0.00041,1e-04,2e-04,0.00634,27.161,FALSE,FALSE,NA,NA,NA,NA,NA,NA,NA,NA,NA,NA,NA
2021-01-27,NA,"Ottawa-1","Ottawa-ROPEC",0.00028,5e-05,0.00016,3e-05,26.768,FALSE,FALSE,NA,NA,NA,NA,NA,NA,NA,NA,NA,NA,NA
2021-01-28,NA,"Ottawa-1","Ottawa-ROPEC",0.00031,8e-05,0.00037,0.00011,28.356,FALSE,FALSE,NA,NA,NA,NA,NA,NA,NA,NA,NA,NA,NA
2021-01-29,NA,"Ottawa-1","Ottawa-ROPEC",0.00043,3e-05,0.00058,7e-05,27.418,FALSE,FALSE,NA,NA,NA,NA,NA,NA,NA,NA,NA,NA,NA
2021-01-30,NA,"Ottawa-1","Ottawa-ROPEC",6e-04,8e-05,0.00078,0.00011,27.671,FALSE,FALSE,NA,NA,NA,NA,NA,NA,NA,NA,NA,NA,NA
2021-01-31,NA,"Ottawa-1","Ottawa-ROPEC",0.00043,8e-05,0.00053,3e-04,28.201,FALSE,FALSE,NA,NA,NA,NA,NA,NA,NA,NA,NA,NA,NA
2021-02-01,NA,"Ottawa-1","Ottawa-ROPEC",0.00016,4e-05,0.00033,7e-05,27.97,FALSE,FALSE,NA,NA,NA,NA,NA,NA,NA,NA,NA,NA,NA
2021-02-02,NA,"Ottawa-1","Ottawa-ROPEC",0.00018,3e-05,0.00015,2e-05,26.694,FALSE,FALSE,NA,NA,NA,NA,NA,NA,NA,NA,NA,NA,NA
2021-02-03,NA,"Ottawa-1","Ottawa-ROPEC",0.00055,0.00027,0.00053,0.00024,27.065,FALSE,FALSE,NA,NA,NA,NA,NA,NA,NA,NA,NA,NA,NA
2021-02-04,NA,"Ottawa-1","Ottawa-ROPEC",0.00031,4e-05,0.00026,0.00013,26.774,FALSE,FALSE,NA,NA,NA,NA,NA,NA,NA,NA,NA,NA,NA
2021-02-05,NA,"Ottawa-1","Ottawa-ROPEC",0.00039,9e-05,0.00045,6e-05,27.688,FALSE,FALSE,NA,NA,NA,NA,NA,NA,NA,NA,NA,NA,NA
2021-02-06,NA,"Ottawa-1","Ottawa-ROPEC",0.00035,0.00017,0.00033,0.00014,27.916,FALSE,FALSE,NA,NA,NA,NA,NA,NA,NA,NA,NA,NA,NA
2021-02-07,NA,"Ottawa-1","Ottawa-ROPEC",0.00042,3e-05,0.00039,8e-05,27.1,FALSE,FALSE,NA,NA,NA,NA,NA,NA,NA,NA,NA,NA,NA
2021-02-08,NA,"Ottawa-1","Ottawa-ROPEC",2e-04,2e-05,0.00026,4e-05,26.909,FALSE,FALSE,NA,NA,NA,NA,NA,NA,NA,NA,NA,NA,NA
2021-02-10,NA,"Ottawa-1","Ottawa-ROPEC",0.00011,4e-05,0.00012,4e-05,26.365,FALSE,FALSE,NA,NA,NA,NA,NA,NA,NA,NA,NA,NA,NA
2021-02-11,NA,"Ottawa-1","Ottawa-ROPEC",2e-04,4e-05,0.00018,3e-05,27.227,FALSE,FALSE,NA,NA,NA,NA,NA,NA,NA,NA,NA,NA,NA
2021-02-12,NA,"Ottawa-1","Ottawa-ROPEC",0.00051,0.00012,0.00035,6e-05,28.02,FALSE,FALSE,NA,NA,NA,NA,NA,NA,NA,NA,NA,NA,NA
2021-02-13,NA,"Ottawa-1","Ottawa-ROPEC",0.00033,6e-05,0.00037,2e-05,26.767,FALSE,NA,NA,NA,NA,NA,NA,NA,NA,NA,NA,NA,NA
2021-02-14,NA,"Ottawa-1","Ottawa-ROPEC",0.00037,3e-05,0.00033,3e-05,28.133,FALSE,FALSE,NA,NA,NA,NA,NA,NA,NA,NA,NA,NA,NA
2021-02-15,NA,"Ottawa-1","Ottawa-ROPEC",0.00017,5e-05,0.00017,7e-05,27.86,FALSE,FALSE,NA,NA,NA,NA,NA,NA,NA,NA,NA,NA,NA
2021-02-16,NA,"Ottawa-1","Ottawa-ROPEC",0.00023,3e-05,0.00023,5e-05,27.294,FALSE,FALSE,NA,NA,NA,NA,NA,NA,NA,NA,NA,NA,NA
2021-02-17,NA,"Ottawa-1","Ottawa-ROPEC",0.00032,6e-05,0.00022,6e-05,28.616,FALSE,FALSE,NA,NA,NA,NA,NA,NA,NA,NA,NA,NA,NA
2021-02-18,NA,"Ottawa-1","Ottawa-ROPEC",0.00022,4e-05,0.00028,5e-05,27.448,FALSE,FALSE,NA,NA,NA,NA,NA,NA,NA,NA,NA,NA,NA
2021-02-19,NA,"Ottawa-1","Ottawa-ROPEC",0.00025,4e-05,0.00022,9e-05,28.063,FALSE,FALSE,NA,NA,NA,NA,NA,NA,NA,NA,NA,NA,NA
2021-02-20,NA,"Ottawa-1","Ottawa-ROPEC",0.00024,4e-05,0.00028,5e-05,26.958,FALSE,FALSE,NA,NA,NA,NA,NA,NA,NA,NA,NA,NA,NA
2021-02-21,NA,"Ottawa-1","Ottawa-ROPEC",0.00022,6e-05,0.00017,3e-05,28.394,FALSE,TRUE,FALSE,0,0,NA,NA,NA,NA,NA,NA,NA,NA
2021-02-22,NA,"Ottawa-1","Ottawa-ROPEC",0.00033,1e-04,0.00032,0.00014,27.602,FALSE,FALSE,NA,NA,NA,NA,NA,NA,NA,NA,NA,NA,NA
2021-02-23,NA,"Ottawa-1","Ottawa-ROPEC",0.00035,8e-05,0.00029,9e-05,30.357,FALSE,TRUE,FALSE,0,0,NA,NA,NA,NA,NA,NA,NA,NA
2021-02-24,NA,"Ottawa-1","Ottawa-ROPEC",0.00035,2e-05,0.00038,9e-05,28.758,FALSE,FALSE,NA,NA,NA,NA,NA,NA,NA,NA,NA,NA,NA
2021-02-26,NA,"Ottawa-1","Ottawa-ROPEC",0.00029,8e-05,0.00022,5e-05,27.504,FALSE,TRUE,FALSE,0,0,NA,NA,NA,NA,NA,NA,NA,NA
2021-02-27,NA,"Ottawa-1","Ottawa-ROPEC",0.00043,7e-05,0.00048,4e-05,27.426,FALSE,FALSE,NA,NA,NA,NA,NA,NA,NA,NA,NA,NA,NA
2021-02-28,NA,"Ottawa-1","Ottawa-ROPEC",0.00092,2e-04,0.00067,8e-05,27.067,FALSE,TRUE,FALSE,0,0,NA,NA,NA,NA,NA,NA,NA,NA
2021-03-01,NA,"Ottawa-1","Ottawa-ROPEC",0.00049,9e-05,0.00044,7e-05,26.368,FALSE,FALSE,NA,NA,NA,NA,NA,NA,NA,NA,NA,NA,NA
2021-03-02,NA,"Ottawa-1","Ottawa-ROPEC",0.001,0.00012,0.00055,5e-05,26.82,FALSE,TRUE,TRUE,0.217152075,0.109900828,NA,NA,NA,NA,NA,NA,NA,NA
2021-03-03,NA,"Ottawa-1","Ottawa-ROPEC",0.0012,0.00021,0.00048,0.00014,26.746,FALSE,FALSE,NA,NA,NA,NA,NA,NA,NA,NA,NA,NA,NA
2021-03-05,NA,"Ottawa-1","Ottawa-ROPEC",0.00058,5e-05,0.00066,0.00012,27.41,FALSE,TRUE,FALSE,0,0,NA,NA,NA,NA,NA,NA,NA,NA
2021-03-06,NA,"Ottawa-1","Ottawa-ROPEC",0.00058,1e-04,0.00061,6e-05,27.411,FALSE,FALSE,NA,NA,NA,NA,NA,NA,NA,NA,NA,NA,NA
2021-03-07,NA,"Ottawa-1","Ottawa-ROPEC",0.00081,0.00018,0.00044,4e-05,26.227,FALSE,FALSE,NA,NA,NA,NA,NA,NA,NA,NA,NA,NA,NA
2021-03-08,NA,"Ottawa-1","Ottawa-ROPEC",0.00052,0.00011,0.00042,0.00011,27.861,FALSE,FALSE,NA,NA,NA,NA,NA,NA,NA,NA,NA,NA,NA
2021-03-09,NA,"Ottawa-1","Ottawa-ROPEC",0.00013,2e-05,0.00013,3e-05,26.613,FALSE,TRUE,FALSE,0,0,NA,NA,NA,NA,NA,NA,NA,NA
2021-03-10,NA,"Ottawa-1","Ottawa-ROPEC",0.00232,0.00028,0.00209,9e-05,27.372,FALSE,TRUE,FALSE,0,0,NA,NA,NA,NA,NA,NA,NA,NA
2021-03-11,NA,"Ottawa-1","Ottawa-ROPEC",0.00012,1e-05,2e-04,4e-05,27.846,FALSE,FALSE,NA,NA,NA,NA,NA,NA,NA,NA,NA,NA,NA
2021-03-12,NA,"Ottawa-1","Ottawa-ROPEC",0.00011,3e-05,0.00011,3e-05,26.687,FALSE,FALSE,NA,NA,NA,NA,NA,NA,NA,NA,NA,NA,NA
2021-03-13,NA,"Ottawa-1","Ottawa-ROPEC",0.00013,3e-05,1e-04,2e-05,26.353,FALSE,FALSE,NA,NA,NA,NA,NA,NA,NA,NA,NA,NA,NA
2021-03-14,NA,"Ottawa-1","Ottawa-ROPEC",0.00078,0.00024,0.00052,0.00026,27.48,FALSE,FALSE,NA,NA,NA,NA,NA,NA,NA,NA,NA,NA,NA
2021-03-15,NA,"Ottawa-1","Ottawa-ROPEC",0.00081,0.00035,0.00092,0.00027,27.231,FALSE,FALSE,NA,NA,NA,NA,NA,NA,NA,NA,NA,NA,NA
2021-03-16,NA,"Ottawa-1","Ottawa-ROPEC",0.00044,8e-05,0.00034,1e-05,27.322,FALSE,TRUE,FALSE,0,0,NA,NA,NA,NA,NA,NA,NA,NA
2021-03-17,NA,"Ottawa-1","Ottawa-ROPEC",0.00028,6e-05,0.00025,2e-05,27.391,FALSE,FALSE,NA,NA,NA,NA,NA,NA,NA,NA,NA,NA,NA
2021-03-18,NA,"Ottawa-1","Ottawa-ROPEC",8e-05,2e-05,6e-05,1e-05,26.469,FALSE,TRUE,TRUE,0.098164147,0.07902621,NA,NA,NA,NA,NA,NA,NA,NA
2021-03-19,NA,"Ottawa-1","Ottawa-ROPEC",6e-05,2e-05,4e-05,1e-05,26.303,FALSE,FALSE,NA,NA,NA,NA,NA,NA,NA,NA,NA,NA,NA
2021-03-20,NA,"Ottawa-1","Ottawa-ROPEC",7e-05,1e-05,4e-05,0,26.549,FALSE,TRUE,FALSE,0,0,NA,NA,NA,NA,NA,NA,NA,NA
2021-03-21,NA,"Ottawa-1","Ottawa-ROPEC",7e-05,2e-05,6e-05,3e-05,27.073,FALSE,TRUE,TRUE,0.222030357,0.1653325,NA,NA,NA,NA,NA,NA,NA,NA
2021-03-22,NA,"Ottawa-1","Ottawa-ROPEC",0.00034,3e-05,0.00017,5e-05,27.73,FALSE,FALSE,NA,NA,NA,NA,NA,NA,NA,NA,NA,NA,NA
2021-03-23,NA,"Ottawa-1","Ottawa-ROPEC",0.00013,1e-05,6e-05,1e-05,28.093,FALSE,FALSE,NA,NA,NA,NA,NA,NA,NA,NA,NA,NA,NA
2021-03-24,NA,"Ottawa-1","Ottawa-ROPEC",0.00054,0.00018,0.00066,0.00011,28.029,FALSE,TRUE,TRUE,0.457504123,0.33114588,NA,NA,NA,NA,NA,NA,NA,NA
2021-03-25,NA,"Ottawa-1","Ottawa-ROPEC",1e-04,3e-05,0.00015,7e-05,27.28,FALSE,FALSE,NA,NA,NA,NA,NA,NA,NA,NA,NA,NA,NA
2021-03-26,NA,"Ottawa-1","Ottawa-ROPEC",0.00015,4e-05,0.00017,8e-05,27.303,FALSE,FALSE,NA,NA,NA,NA,NA,NA,NA,NA,NA,NA,NA
2021-03-27,NA,"Ottawa-1","Ottawa-ROPEC",0.00019,9e-05,0.00019,5e-05,27.437,FALSE,FALSE,NA,NA,NA,NA,NA,NA,NA,NA,NA,NA,NA
2021-03-28,NA,"Ottawa-1","Ottawa-ROPEC",0.00085,0.00017,0.00089,0.00015,27.559,FALSE,TRUE,TRUE,0.571239769,0.32964296,NA,NA,NA,NA,NA,NA,NA,NA
2021-03-29,NA,"Ottawa-1","Ottawa-ROPEC",0.00104,1e-04,0.00138,0.00024,27.496,FALSE,FALSE,NA,NA,NA,NA,NA,NA,NA,NA,NA,NA,NA
2021-03-30,NA,"Ottawa-1","Ottawa-ROPEC",0.00135,8e-05,0.00143,5e-05,26.705,FALSE,FALSE,NA,NA,NA,NA,NA,NA,NA,NA,NA,NA,NA
2021-03-31,NA,"Ottawa-1","Ottawa-ROPEC",6e-05,1e-05,6e-05,2e-05,27.488,FALSE,FALSE,NA,NA,NA,NA,NA,NA,NA,NA,NA,NA,NA
2021-04-01,NA,"Ottawa-1","Ottawa-ROPEC",0.00091,6e-05,0.00079,0.00016,27.008,FALSE,TRUE,TRUE,0.827965593,0.3144396,NA,NA,NA,NA,NA,NA,NA,NA
2021-04-02,NA,"Ottawa-1","Ottawa-ROPEC",0.00116,4e-05,0.00126,0.00052,27.822,FALSE,TRUE,TRUE,0.519566515,0.46802136,NA,NA,NA,NA,NA,NA,NA,NA
2021-04-03,NA,"Ottawa-1","Ottawa-ROPEC",0.00126,0.00011,0.00204,0.00026,28.496,FALSE,TRUE,TRUE,0.56653967,0.39215573,NA,NA,NA,NA,NA,NA,NA,NA
2021-04-04,NA,"Ottawa-1","Ottawa-ROPEC",0.00139,0.00016,0.00146,0.00015,27.368,FALSE,TRUE,TRUE,0.509279824,0.46068504,NA,NA,NA,NA,NA,NA,NA,NA
2021-04-05,NA,"Ottawa-1","Ottawa-ROPEC",0.00228,0.00035,0.00268,0.00011,28.364,FALSE,FALSE,NA,NA,NA,NA,NA,NA,NA,NA,NA,NA,NA
2021-04-06,NA,"Ottawa-1","Ottawa-ROPEC",0.00118,0.00072,0.00093,0.00011,27.032,FALSE,FALSE,NA,NA,NA,NA,NA,NA,NA,NA,NA,NA,NA
2021-04-07,NA,"Ottawa-1","Ottawa-ROPEC",0.00071,1e-04,0.00062,6e-05,27.067,FALSE,FALSE,NA,NA,NA,NA,NA,NA,NA,NA,NA,NA,NA
2021-04-08,NA,"Ottawa-1","Ottawa-ROPEC",0.00093,0.00016,0.00114,0.00016,26.823,FALSE,TRUE,TRUE,0.714600977,0.37084076,NA,NA,NA,NA,NA,NA,NA,NA
2021-04-09,NA,"Ottawa-1","Ottawa-ROPEC",0.00056,1e-05,0.00055,0.00013,27.523,FALSE,FALSE,NA,NA,NA,NA,NA,NA,NA,NA,NA,NA,NA
2021-04-10,NA,"Ottawa-1","Ottawa-ROPEC",0.00046,5e-05,0.00031,5e-05,27.37,FALSE,FALSE,NA,NA,NA,NA,NA,NA,NA,NA,NA,NA,NA
2021-04-11,NA,"Ottawa-1","Ottawa-ROPEC",5e-04,2e-05,0.00052,9e-05,27.442,FALSE,TRUE,TRUE,0.735073435,0.319424353,NA,NA,NA,NA,NA,NA,NA,NA
2021-04-12,NA,"Ottawa-1","Ottawa-ROPEC",8e-04,0.00012,0.00085,0.00014,27.137,FALSE,TRUE,TRUE,0.971542274,0.494151474,NA,NA,NA,NA,NA,NA,NA,NA
2021-04-13,NA,"Ottawa-1","Ottawa-ROPEC",0.00087,0.00015,0.00052,2e-05,26.9,FALSE,TRUE,TRUE,0.947124683,0.409028984,NA,NA,NA,NA,NA,NA,NA,NA
2021-04-15,NA,"Ottawa-1","Ottawa-ROPEC",0.00129,2e-05,0.00147,0.00035,26.099,FALSE,FALSE,NA,NA,NA,NA,NA,NA,NA,NA,NA,NA,NA
2021-04-16,NA,"Ottawa-1","Ottawa-ROPEC",0.00058,0.00012,4e-04,3e-05,27.3,FALSE,TRUE,TRUE,0.555331173,0.2046976,NA,NA,NA,NA,NA,NA,NA,NA
2021-04-17,NA,"Ottawa-1","Ottawa-ROPEC",0.00066,5e-05,0.00048,3e-05,27.324,FALSE,FALSE,NA,NA,NA,NA,NA,NA,NA,NA,NA,NA,NA
2021-04-18,NA,"Ottawa-1","Ottawa-ROPEC",0.00049,4e-05,6e-04,4e-05,27.34,FALSE,TRUE,TRUE,0.765535407,0.382728777,NA,NA,NA,NA,NA,NA,NA,NA
2021-04-19,NA,"Ottawa-1","Ottawa-ROPEC",0.00089,3e-05,0.00091,0.00019,27.131,FALSE,FALSE,NA,NA,NA,NA,NA,NA,NA,NA,NA,NA,NA
2021-04-20,NA,"Ottawa-1","Ottawa-ROPEC",0.00055,2e-05,0.00054,9e-05,27.124,FALSE,TRUE,TRUE,1,0,NA,NA,NA,NA,NA,NA,NA,NA
2021-04-21,NA,"Ottawa-1","Ottawa-ROPEC",0.00045,1e-05,0.00047,5e-05,26.297,FALSE,TRUE,TRUE,0.987162686,0.656953215,NA,NA,NA,NA,NA,NA,NA,NA
2021-04-22,NA,"Ottawa-1","Ottawa-ROPEC",7e-04,9e-05,0.00081,0.00025,27.389,FALSE,FALSE,NA,NA,NA,NA,NA,NA,NA,NA,NA,NA,NA
2021-04-23,NA,"Ottawa-1","Ottawa-ROPEC",0.00057,6e-05,0.00067,5e-05,27.117,FALSE,TRUE,TRUE,0.668426274,0.216558311,NA,NA,NA,NA,NA,NA,NA,NA
2021-04-24,NA,"Ottawa-1","Ottawa-ROPEC",0.00064,6e-05,0.00046,3e-05,26.553,FALSE,FALSE,NA,NA,NA,NA,NA,NA,NA,NA,NA,NA,NA
2021-04-25,NA,"Ottawa-1","Ottawa-ROPEC",0.00053,0.00013,0.00049,0.00019,27.677,FALSE,TRUE,TRUE,0.693419159,0.40461486,NA,NA,NA,NA,NA,NA,NA,NA
2021-04-26,NA,"Ottawa-1","Ottawa-ROPEC",0.00068,0.00012,0.00064,1e-04,27.41,FALSE,TRUE,TRUE,0.608668975,0.309046263,NA,NA,NA,NA,NA,NA,NA,NA
2021-04-27,NA,"Ottawa-1","Ottawa-ROPEC",0.00034,8e-05,0.00031,0.00011,25.348,FALSE,TRUE,TRUE,1,0,NA,NA,NA,NA,NA,NA,NA,NA
2021-04-28,NA,"Ottawa-1","Ottawa-ROPEC",0.00062,0.00031,0.00039,6e-05,26.99,FALSE,TRUE,TRUE,0.731135523,0.222667914,NA,NA,NA,NA,NA,NA,NA,NA
2021-04-29,NA,"Ottawa-1","Ottawa-ROPEC",0.00024,6e-05,0.00024,9e-05,26.683,FALSE,FALSE,NA,NA,NA,NA,NA,NA,NA,NA,NA,NA,NA
2021-04-30,NA,"Ottawa-1","Ottawa-ROPEC",0.00043,7e-05,0.00062,0.00012,26.784,FALSE,FALSE,NA,NA,NA,NA,NA,NA,NA,NA,NA,NA,NA
2021-05-01,NA,"Ottawa-1","Ottawa-ROPEC",0.00063,5e-05,0.00075,0.00022,27.223,FALSE,TRUE,TRUE,0.815656577,0.531145342,NA,NA,NA,NA,NA,NA,NA,NA
2021-05-03,NA,"Ottawa-1","Ottawa-ROPEC",0.00076,0.00022,0.00052,8e-05,28.037,FALSE,FALSE,NA,NA,NA,NA,NA,NA,NA,NA,NA,NA,NA
2021-05-04,NA,"Ottawa-1","Ottawa-ROPEC",0.00063,0.00012,0.00055,0.00017,27.715,FALSE,TRUE,TRUE,0.661582241,0.25174345,NA,NA,NA,NA,NA,NA,NA,NA
2021-05-05,NA,"Ottawa-1","Ottawa-ROPEC",0.00023,2e-05,0.00027,8e-05,26.337,FALSE,TRUE,TRUE,0.844641516,0.363103795,NA,NA,NA,NA,NA,NA,NA,NA
2021-05-06,NA,"Ottawa-1","Ottawa-ROPEC",0.00054,1e-04,0.00047,0.00013,27.32,FALSE,FALSE,NA,NA,NA,NA,NA,NA,NA,NA,NA,NA,NA
2021-05-07,NA,"Ottawa-1","Ottawa-ROPEC",0.00052,2e-05,0.00036,1e-05,27.208,FALSE,TRUE,TRUE,0.781680356,0.349974191,NA,NA,NA,NA,NA,NA,NA,NA
2021-05-08,NA,"Ottawa-1","Ottawa-ROPEC",0.00056,7e-05,0.00052,0.00012,27.657,FALSE,FALSE,NA,NA,NA,NA,NA,NA,NA,NA,NA,NA,NA
2021-05-09,NA,"Ottawa-1","Ottawa-ROPEC",0.00045,0.00013,0.00045,0.00012,28.005,FALSE,FALSE,NA,NA,NA,NA,NA,NA,NA,NA,NA,NA,NA
2021-05-10,NA,"Ottawa-1","Ottawa-ROPEC",0.00055,9e-05,0.00063,0.00023,27.67,FALSE,FALSE,NA,NA,NA,NA,NA,NA,NA,NA,NA,NA,NA
2021-05-11,NA,"Ottawa-1","Ottawa-ROPEC",0.00051,6e-05,0.00044,0.00011,27.369,FALSE,TRUE,TRUE,0.576930965,0.374254555,NA,NA,NA,NA,NA,NA,NA,NA
2021-05-12,NA,"Ottawa-1","Ottawa-ROPEC",0.00019,4e-05,0.00018,4e-05,25.954,FALSE,TRUE,TRUE,0.816089012,0.590979332,NA,NA,NA,NA,NA,NA,NA,NA
2021-05-13,NA,"Ottawa-1","Ottawa-ROPEC",0.00067,4e-05,0.00059,0.00017,27.774,FALSE,FALSE,NA,NA,NA,NA,NA,NA,NA,NA,NA,NA,NA
2021-05-14,NA,"Ottawa-1","Ottawa-ROPEC",0.00033,7e-05,0.00023,2e-05,27.037,FALSE,FALSE,NA,NA,NA,NA,NA,NA,NA,NA,NA,NA,NA
2021-05-15,NA,"Ottawa-1","Ottawa-ROPEC",0.00029,1e-05,0.00016,2e-05,27.131,FALSE,TRUE,TRUE,0.606140873,0.402623374,NA,NA,NA,NA,NA,NA,NA,NA
2021-05-16,NA,"Ottawa-1","Ottawa-ROPEC",0.00025,3e-05,0.00031,5e-05,27.703,FALSE,TRUE,TRUE,0.836520721,0.19790521,NA,NA,NA,NA,NA,NA,NA,NA
2021-05-17,NA,"Ottawa-1","Ottawa-ROPEC",0.00023,5e-05,0.00021,1e-05,27.04,FALSE,TRUE,TRUE,1,0,NA,NA,NA,NA,NA,NA,NA,NA
2021-05-18,NA,"Ottawa-1","Ottawa-ROPEC",0.00026,3e-05,0.00029,2e-05,26.723,FALSE,TRUE,TRUE,1,0,NA,NA,NA,NA,NA,NA,NA,NA
2021-05-19,NA,"Ottawa-1","Ottawa-ROPEC",0.00017,1e-05,0.00015,3e-05,26.459,FALSE,FALSE,NA,NA,NA,NA,NA,NA,NA,NA,NA,NA,NA
2021-05-20,NA,"Ottawa-1","Ottawa-ROPEC",0.00012,4e-05,5e-05,2e-05,27.429,FALSE,FALSE,NA,NA,NA,NA,NA,NA,NA,NA,NA,NA,NA
2021-05-21,NA,"Ottawa-1","Ottawa-ROPEC",9e-05,3e-05,9e-05,4e-05,27.468,FALSE,FALSE,NA,NA,NA,NA,NA,NA,NA,NA,NA,NA,NA
2021-05-22,NA,"Ottawa-1","Ottawa-ROPEC",0.00013,2e-05,0.00022,6e-05,27.896,FALSE,FALSE,NA,NA,NA,NA,NA,NA,NA,NA,NA,NA,NA
2021-05-23,NA,"Ottawa-1","Ottawa-ROPEC",0.00011,0,1e-04,2e-05,26.875,FALSE,TRUE,TRUE,0.741920851,0.275576031,NA,NA,NA,NA,NA,NA,NA,NA
2021-05-24,NA,"Ottawa-1","Ottawa-ROPEC",1e-04,3e-05,1e-04,4e-05,26.471,FALSE,TRUE,TRUE,0.697952129,0.489960445,NA,NA,NA,NA,NA,NA,NA,NA
2021-05-25,NA,"Ottawa-1","Ottawa-ROPEC",0.00023,7e-05,0.00019,5e-05,27.473,FALSE,TRUE,TRUE,1,0,NA,NA,NA,NA,NA,NA,NA,NA
2021-05-26,NA,"Ottawa-1","Ottawa-ROPEC",0.00023,6e-05,2e-04,2e-05,26.99,FALSE,TRUE,TRUE,1,0,NA,NA,NA,NA,NA,NA,NA,NA
2021-05-27,NA,"Ottawa-1","Ottawa-ROPEC",0.00028,1e-04,0.00041,6e-05,26.553,FALSE,FALSE,NA,NA,NA,NA,NA,NA,NA,NA,NA,NA,NA
2021-05-28,NA,"Ottawa-1","Ottawa-ROPEC",4e-04,1e-05,0.00063,8e-05,28.053,FALSE,FALSE,NA,NA,NA,NA,NA,NA,NA,NA,NA,NA,NA
2021-05-29,NA,"Ottawa-1","Ottawa-ROPEC",0.00036,4e-05,0.00055,2e-05,27.96,FALSE,FALSE,NA,NA,NA,NA,NA,NA,NA,NA,NA,NA,NA
2021-05-30,NA,"Ottawa-1","Ottawa-ROPEC",0.00029,3e-05,0.00016,5e-05,27.237,FALSE,FALSE,NA,NA,NA,NA,NA,NA,NA,NA,NA,NA,NA
2021-05-31,NA,"Ottawa-1","Ottawa-ROPEC",0.00019,8e-05,0.00017,9e-05,26.636,FALSE,TRUE,FALSE,0,0,NA,NA,NA,NA,NA,NA,NA,NA
2021-06-01,NA,"Ottawa-1","Ottawa-ROPEC",0.00023,2e-05,0.00019,1e-05,27.094,FALSE,TRUE,TRUE,0.44448023,0.082954365,NA,NA,NA,NA,NA,NA,NA,NA
2021-06-02,NA,"Ottawa-1","Ottawa-ROPEC",6e-05,2e-05,0.00012,3e-05,25.83,FALSE,TRUE,TRUE,1,0,NA,NA,NA,NA,NA,NA,NA,NA
2021-06-03,NA,"Ottawa-1","Ottawa-ROPEC",0.00037,1e-04,0.00014,4e-05,26.983,FALSE,FALSE,NA,NA,NA,NA,NA,NA,NA,NA,NA,NA,NA
2021-06-04,NA,"Ottawa-1","Ottawa-ROPEC",0.00013,2e-05,2e-05,0,26.384,FALSE,TRUE,TRUE,0.834285784,0.24640693,NA,NA,NA,NA,NA,NA,NA,NA
2021-06-05,NA,"Ottawa-1","Ottawa-ROPEC",0.00024,9e-05,4e-05,NA,28.416,FALSE,TRUE,TRUE,0.73968481,0.41366659,NA,NA,NA,NA,NA,NA,NA,NA
2021-06-07,NA,"Ottawa-1","Ottawa-ROPEC",1e-04,1e-05,0.00016,5e-05,26.771,FALSE,FALSE,NA,NA,NA,NA,NA,NA,NA,NA,NA,NA,NA
2021-06-08,NA,"Ottawa-1","Ottawa-ROPEC",0.00043,8e-05,0.00061,5e-05,27.334,FALSE,TRUE,TRUE,1,0,NA,NA,NA,NA,NA,NA,NA,NA
2021-06-09,NA,"Ottawa-1","Ottawa-ROPEC",0.00044,0.00012,0.00061,0.00015,27.478,FALSE,TRUE,TRUE,1,0,NA,NA,NA,NA,NA,NA,NA,NA
2021-06-10,NA,"Ottawa-1","Ottawa-ROPEC",0.00036,5e-05,0.00047,1e-05,26.893,FALSE,FALSE,NA,NA,NA,NA,NA,NA,NA,NA,NA,NA,NA
2021-06-11,NA,"Ottawa-1","Ottawa-ROPEC",0.00059,0.00011,0.00052,5e-05,27.291,FALSE,FALSE,NA,NA,NA,NA,NA,NA,NA,NA,NA,NA,NA
2021-06-12,NA,"Ottawa-1","Ottawa-ROPEC",0.00038,0.00018,0.00064,7e-05,27.136,FALSE,FALSE,NA,NA,NA,NA,NA,NA,NA,NA,NA,NA,NA
2021-06-13,NA,"Ottawa-1","Ottawa-ROPEC",0.00029,6e-05,0.00027,2e-05,27.292,FALSE,TRUE,TRUE,1,0,NA,NA,NA,NA,NA,NA,NA,NA
2021-06-14,NA,"Ottawa-1","Ottawa-ROPEC",0.00035,3e-05,0.00038,6e-05,27.207,FALSE,FALSE,NA,NA,NA,NA,NA,NA,NA,NA,NA,NA,NA
2021-06-15,NA,"Ottawa-1","Ottawa-ROPEC",0.00023,3e-05,0.00018,4e-05,27.256,FALSE,TRUE,FALSE,0,0,NA,NA,NA,NA,NA,NA,NA,NA
2021-06-16,NA,"Ottawa-1","Ottawa-ROPEC",0.00025,4e-05,0.00033,7e-05,27.81,FALSE,TRUE,FALSE,0,0,NA,NA,NA,NA,NA,NA,NA,NA
2021-06-17,NA,"Ottawa-1","Ottawa-ROPEC",0.00017,1e-05,0.00018,2e-05,27.548,FALSE,FALSE,NA,NA,NA,NA,NA,NA,NA,NA,NA,NA,NA
2021-06-18,NA,"Ottawa-1","Ottawa-ROPEC",0.00024,3e-05,0.00029,6e-05,27.221,FALSE,FALSE,NA,NA,NA,NA,NA,NA,NA,NA,NA,NA,NA
2021-06-19,NA,"Ottawa-1","Ottawa-ROPEC",0.00045,0.00011,3e-04,7e-05,27.839,FALSE,TRUE,FALSE,0,0,NA,NA,NA,NA,NA,NA,NA,NA
2021-06-20,NA,"Ottawa-1","Ottawa-ROPEC",0.00079,1e-04,0.00055,0.00013,27.711,FALSE,TRUE,TRUE,1,0,NA,NA,NA,NA,NA,NA,NA,NA
2021-06-21,NA,"Ottawa-1","Ottawa-ROPEC",0.00032,7e-05,0.00039,9e-05,26.702,FALSE,FALSE,NA,NA,NA,NA,NA,NA,NA,NA,NA,NA,NA
2021-06-22,NA,"Ottawa-1","Ottawa-ROPEC",0.00014,2e-05,0.00024,8e-05,27.658,FALSE,TRUE,FALSE,0,0,NA,NA,NA,NA,NA,NA,NA,NA
2021-06-23,NA,"Ottawa-1","Ottawa-ROPEC",0.00016,5e-05,0.00012,3e-05,27.093,FALSE,TRUE,FALSE,0,0,NA,NA,NA,NA,NA,NA,NA,NA
2021-06-24,NA,"Ottawa-1","Ottawa-ROPEC",0.00045,3e-05,0.00048,4e-05,27.658,FALSE,FALSE,NA,NA,NA,NA,NA,NA,NA,NA,NA,NA,NA
2021-06-25,NA,"Ottawa-1","Ottawa-ROPEC",0.00012,2e-05,0.00018,1e-05,27.343,FALSE,TRUE,TRUE,1,0,NA,NA,NA,NA,NA,NA,NA,NA
2021-06-26,NA,"Ottawa-1","Ottawa-ROPEC",0.00018,5e-05,0.00023,2e-05,27.047,FALSE,FALSE,NA,NA,NA,NA,NA,NA,NA,NA,NA,NA,NA
2021-06-27,NA,"Ottawa-1","Ottawa-ROPEC",0.00016,2e-05,0.00012,0,27.525,FALSE,FALSE,NA,NA,NA,NA,NA,NA,NA,NA,NA,NA,NA
2021-06-28,NA,"Ottawa-1","Ottawa-ROPEC",0.00014,2e-05,0.00013,1e-05,27.043,FALSE,TRUE,TRUE,1,0,NA,NA,NA,NA,NA,NA,NA,NA
2021-06-29,NA,"Ottawa-1","Ottawa-ROPEC",0.00032,6e-05,0.00016,3e-05,26.571,FALSE,FALSE,NA,NA,NA,NA,NA,NA,NA,NA,NA,NA,NA
2021-06-30,NA,"Ottawa-1","Ottawa-ROPEC",9e-05,2e-05,0.00013,3e-05,26.819,FALSE,FALSE,NA,NA,NA,NA,NA,NA,NA,NA,NA,NA,NA
2021-07-01,NA,"Ottawa-1","Ottawa-ROPEC",9e-05,3e-05,0.00012,2e-05,27.233,FALSE,FALSE,NA,NA,NA,NA,NA,NA,NA,NA,NA,NA,NA
2021-07-02,NA,"Ottawa-1","Ottawa-ROPEC",0.00012,3e-05,2e-04,2e-05,27.118,FALSE,FALSE,NA,NA,NA,NA,NA,NA,NA,NA,NA,NA,NA
2021-07-03,NA,"Ottawa-1","Ottawa-ROPEC",0.00017,3e-05,0.00016,2e-05,27.159,FALSE,FALSE,NA,NA,NA,NA,NA,NA,NA,NA,NA,NA,NA
2021-07-04,NA,"Ottawa-1","Ottawa-ROPEC",9e-05,1e-05,8e-05,0,27.429,FALSE,FALSE,NA,NA,NA,NA,NA,NA,NA,NA,NA,NA,NA
2021-07-05,NA,"Ottawa-1","Ottawa-ROPEC",0.00011,1e-05,0.00015,1e-05,26.623,FALSE,FALSE,NA,NA,NA,NA,NA,NA,NA,NA,NA,NA,NA
2021-07-06,NA,"Ottawa-1","Ottawa-ROPEC",0.00017,2e-05,0.00016,3e-05,28.54,FALSE,FALSE,NA,NA,NA,NA,NA,NA,NA,NA,NA,NA,NA
2021-07-07,NA,"Ottawa-1","Ottawa-ROPEC",4e-05,1e-05,7e-05,1e-05,26.272,FALSE,FALSE,NA,NA,NA,NA,NA,NA,NA,NA,NA,NA,NA
2021-07-08,NA,"Ottawa-1","Ottawa-ROPEC",0.00015,2e-05,0.00022,5e-05,27.406,FALSE,FALSE,NA,NA,NA,NA,NA,NA,NA,NA,NA,NA,NA
2021-07-09,NA,"Ottawa-1","Ottawa-ROPEC",8e-05,2e-05,6e-05,2e-05,27.049,FALSE,FALSE,NA,NA,NA,NA,NA,NA,NA,NA,NA,NA,NA
2021-07-10,NA,"Ottawa-1","Ottawa-ROPEC",0.00012,1e-05,5e-05,1e-05,27.437,FALSE,FALSE,NA,NA,NA,NA,NA,NA,NA,NA,NA,NA,NA
2021-07-11,NA,"Ottawa-1","Ottawa-ROPEC",0.00013,4e-05,1e-04,2e-05,28.223,FALSE,FALSE,NA,NA,NA,NA,NA,NA,NA,NA,NA,NA,NA
2021-07-12,NA,"Ottawa-1","Ottawa-ROPEC",9e-05,1e-05,1e-04,1e-05,26.851,FALSE,FALSE,NA,NA,NA,NA,NA,NA,NA,NA,NA,NA,NA
2021-07-13,NA,"Ottawa-1","Ottawa-ROPEC",0.00018,3e-05,0.00016,2e-05,27.478,FALSE,FALSE,NA,NA,NA,NA,NA,NA,NA,NA,NA,NA,NA
2021-07-14,NA,"Ottawa-1","Ottawa-ROPEC",0.00011,3e-05,0.00017,4e-05,26.859,FALSE,FALSE,NA,NA,NA,NA,NA,NA,NA,NA,NA,NA,NA
2021-07-15,NA,"Ottawa-1","Ottawa-ROPEC",0.00013,1e-05,0.00016,3e-05,26.816,FALSE,FALSE,NA,NA,NA,NA,NA,NA,NA,NA,NA,NA,NA
2021-07-16,NA,"Ottawa-1","Ottawa-ROPEC",2e-04,2e-05,0.00017,3e-05,27.402,FALSE,FALSE,NA,NA,NA,NA,NA,NA,NA,NA,NA,NA,NA
2021-07-17,NA,"Ottawa-1","Ottawa-ROPEC",0.00022,0,0.00013,3e-05,27.491,FALSE,FALSE,NA,NA,NA,NA,NA,NA,NA,NA,NA,NA,NA
2021-07-18,NA,"Ottawa-1","Ottawa-ROPEC",7e-05,2e-05,7e-05,2e-05,27.46,FALSE,FALSE,NA,NA,NA,NA,NA,NA,NA,NA,NA,NA,NA
2021-07-19,NA,"Ottawa-1","Ottawa-ROPEC",8e-05,1e-05,0.00012,2e-05,26.734,FALSE,FALSE,NA,NA,NA,NA,NA,NA,NA,NA,NA,NA,NA
2021-07-20,NA,"Ottawa-1","Ottawa-ROPEC",0.00018,3e-05,0.00014,1e-05,27.779,FALSE,FALSE,NA,NA,NA,NA,NA,NA,NA,NA,NA,NA,NA
2021-07-21,NA,"Ottawa-1","Ottawa-ROPEC",0.00015,0,0.00014,2e-05,27.077,FALSE,FALSE,NA,NA,NA,NA,NA,NA,NA,NA,NA,NA,NA
2021-07-22,NA,"Ottawa-1","Ottawa-ROPEC",1e-04,2e-05,2e-04,5e-05,27.39,FALSE,FALSE,NA,NA,NA,NA,NA,NA,NA,NA,NA,NA,NA
2021-07-23,NA,"Ottawa-1","Ottawa-ROPEC",9e-05,1e-05,0.00011,3e-05,27.076,FALSE,FALSE,NA,NA,NA,NA,NA,NA,NA,NA,NA,NA,NA
2021-07-24,NA,"Ottawa-1","Ottawa-ROPEC",1e-04,1e-05,0.00011,1e-05,27.568,FALSE,FALSE,NA,NA,NA,NA,NA,NA,NA,NA,NA,NA,NA
2021-07-25,NA,"Ottawa-1","Ottawa-ROPEC",9e-05,2e-05,0.00011,1e-05,27.922,FALSE,FALSE,NA,NA,NA,NA,NA,NA,NA,NA,NA,NA,NA
2021-07-26,NA,"Ottawa-1","Ottawa-ROPEC",0.00013,2e-05,0.00015,3e-05,26.656,FALSE,FALSE,NA,NA,NA,NA,NA,NA,NA,NA,NA,NA,NA
2021-07-27,NA,"Ottawa-1","Ottawa-ROPEC",0.00018,2e-05,0.00019,3e-05,27.248,FALSE,FALSE,NA,NA,NA,NA,NA,NA,NA,NA,NA,NA,NA
2021-07-28,NA,"Ottawa-1","Ottawa-ROPEC",0.00037,7e-05,0.00024,5e-05,26.953,FALSE,FALSE,NA,NA,NA,NA,NA,NA,NA,NA,NA,NA,NA
2021-07-29,NA,"Ottawa-1","Ottawa-ROPEC",0.00025,3e-05,0.00017,4e-05,27.688,FALSE,FALSE,NA,NA,NA,NA,NA,NA,NA,NA,NA,NA,NA
2021-07-30,NA,"Ottawa-1","Ottawa-ROPEC",0.00052,0.00011,0.00011,1e-05,27.386,FALSE,FALSE,NA,NA,NA,NA,NA,NA,NA,NA,NA,NA,NA
2021-07-31,NA,"Ottawa-1","Ottawa-ROPEC",0.00017,2e-05,0.00024,5e-05,27.157,FALSE,FALSE,NA,NA,NA,NA,NA,NA,NA,NA,NA,NA,NA
2021-08-01,NA,"Ottawa-1","Ottawa-ROPEC",0.00012,3e-05,0.00016,3e-05,27.72,FALSE,FALSE,NA,NA,NA,NA,NA,NA,NA,NA,NA,NA,NA
2021-08-02,NA,"Ottawa-1","Ottawa-ROPEC",0.00011,3e-05,0.00018,3e-05,27.882,FALSE,FALSE,NA,NA,NA,NA,NA,NA,NA,NA,NA,NA,NA
2021-08-03,NA,"Ottawa-1","Ottawa-ROPEC",0.00023,1e-05,0.00024,1e-05,26.814,FALSE,FALSE,NA,NA,NA,NA,NA,NA,NA,NA,NA,NA,NA
2021-08-04,NA,"Ottawa-1","Ottawa-ROPEC",0.00014,4e-05,8e-05,3e-05,27.255,FALSE,FALSE,NA,NA,NA,NA,NA,NA,NA,NA,NA,NA,NA
2021-08-05,NA,"Ottawa-1","Ottawa-ROPEC",0.00033,2e-05,0.00025,1e-05,27.601,FALSE,FALSE,NA,NA,NA,NA,NA,NA,NA,NA,NA,NA,NA
2021-08-06,NA,"Ottawa-1","Ottawa-ROPEC",0.00011,1e-05,7e-05,1e-05,27.465,FALSE,FALSE,NA,NA,NA,NA,NA,NA,NA,NA,NA,NA,NA
2021-08-07,NA,"Ottawa-1","Ottawa-ROPEC",9e-05,1e-05,3e-05,1e-05,28.121,FALSE,FALSE,NA,NA,NA,NA,NA,NA,NA,NA,NA,NA,NA
2021-08-08,NA,"Ottawa-1","Ottawa-ROPEC",0.00018,1e-05,0.00018,1e-05,28.806,FALSE,FALSE,NA,NA,NA,NA,NA,NA,NA,NA,NA,NA,NA
2021-08-09,NA,"Ottawa-1","Ottawa-ROPEC",0.00025,1e-05,0.00031,5e-05,28.434,FALSE,FALSE,NA,NA,NA,NA,NA,NA,NA,NA,NA,NA,NA
2021-08-10,NA,"Ottawa-1","Ottawa-ROPEC",0.00054,7e-05,0.00053,1e-04,28.253,FALSE,FALSE,NA,NA,NA,NA,NA,NA,NA,NA,NA,NA,NA
2021-08-11,NA,"Ottawa-1","Ottawa-ROPEC",0.00021,2e-05,0.00017,6e-05,27.264,FALSE,FALSE,NA,NA,NA,NA,NA,NA,NA,NA,NA,NA,NA
2021-08-12,NA,"Ottawa-1","Ottawa-ROPEC",0.00059,0.00019,0.00073,0.00026,29.571,FALSE,FALSE,NA,NA,NA,NA,NA,NA,NA,NA,NA,NA,NA
2021-08-13,NA,"Ottawa-1","Ottawa-ROPEC",2e-04,3e-05,0.00031,0.00011,28.208,FALSE,FALSE,NA,NA,NA,NA,NA,NA,NA,NA,NA,NA,NA
2021-08-14,NA,"Ottawa-1","Ottawa-ROPEC",0.00016,1e-05,0.00023,5e-05,27.569,FALSE,FALSE,NA,NA,NA,NA,NA,NA,NA,NA,NA,NA,NA
2021-08-15,NA,"Ottawa-1","Ottawa-ROPEC",0.00024,3e-05,0.00022,6e-05,28.224,FALSE,FALSE,NA,NA,NA,NA,NA,NA,NA,NA,NA,NA,NA
2021-08-16,NA,"Ottawa-1","Ottawa-ROPEC",0.00017,1e-05,0.00015,1e-05,27.517,FALSE,FALSE,NA,NA,NA,NA,NA,NA,NA,NA,NA,NA,NA
2021-08-17,NA,"Ottawa-1","Ottawa-ROPEC",0.00019,3e-05,0.00025,3e-05,27.537,FALSE,FALSE,NA,NA,NA,NA,NA,NA,NA,NA,NA,NA,NA
2021-08-18,NA,"Ottawa-1","Ottawa-ROPEC",0.00016,3e-05,2e-04,3e-05,27.999,FALSE,FALSE,NA,NA,NA,NA,NA,NA,NA,NA,NA,NA,NA
2021-08-19,NA,"Ottawa-1","Ottawa-ROPEC",0.00029,5e-05,0.00038,8e-05,28.516,FALSE,FALSE,NA,NA,NA,NA,NA,NA,NA,NA,NA,NA,NA
2021-08-20,NA,"Ottawa-1","Ottawa-ROPEC",1e-05,0,5e-05,0,27.135,FALSE,FALSE,NA,NA,NA,NA,NA,NA,NA,NA,NA,NA,NA
2021-08-21,NA,"Ottawa-1","Ottawa-ROPEC",5e-05,1e-05,3e-05,0,27.217,FALSE,FALSE,NA,NA,NA,NA,NA,NA,NA,NA,NA,NA,NA
2021-08-22,NA,"Ottawa-1","Ottawa-ROPEC",0.00018,5e-05,0.00016,2e-05,28.505,FALSE,FALSE,NA,NA,NA,NA,NA,NA,NA,NA,NA,NA,NA
2021-08-23,NA,"Ottawa-1","Ottawa-ROPEC",8e-05,1e-05,9e-05,2e-05,27.051,FALSE,FALSE,NA,NA,NA,NA,NA,NA,NA,NA,NA,NA,NA
2021-08-24,NA,"Ottawa-1","Ottawa-ROPEC",0.00032,4e-05,0.00027,1e-05,27.998,FALSE,FALSE,NA,NA,NA,NA,NA,NA,NA,NA,NA,NA,NA
2021-08-25,NA,"Ottawa-1","Ottawa-ROPEC",0.00022,5e-05,0.00016,5e-05,27.193,FALSE,FALSE,NA,NA,NA,NA,NA,NA,NA,NA,NA,NA,NA
2021-08-26,NA,"Ottawa-1","Ottawa-ROPEC",0.00026,5e-05,0.00028,6e-05,28.234,FALSE,FALSE,NA,NA,NA,NA,NA,NA,NA,NA,NA,NA,NA
2021-08-27,NA,"Ottawa-1","Ottawa-ROPEC",0.00017,2e-05,0.00018,2e-05,26.923,FALSE,FALSE,NA,NA,NA,NA,NA,NA,NA,NA,NA,NA,NA
2021-08-28,NA,"Ottawa-1","Ottawa-ROPEC",7e-05,1e-05,5e-05,0,27.335,FALSE,FALSE,NA,NA,NA,NA,NA,NA,NA,NA,NA,NA,NA
2021-08-29,NA,"Ottawa-1","Ottawa-ROPEC",7e-05,2e-05,9e-05,3e-05,27.445,FALSE,FALSE,NA,NA,NA,NA,NA,NA,NA,NA,NA,NA,NA
2021-08-30,NA,"Ottawa-1","Ottawa-ROPEC",7e-05,2e-05,7e-05,3e-05,27.13,FALSE,FALSE,NA,NA,NA,NA,NA,NA,NA,NA,NA,NA,NA
2021-08-31,NA,"Ottawa-1","Ottawa-ROPEC",7e-05,1e-05,8e-05,2e-05,26.983,FALSE,FALSE,NA,NA,NA,NA,NA,NA,NA,NA,NA,NA,NA
2021-09-01,NA,"Ottawa-1","Ottawa-ROPEC",7e-05,2e-05,1e-04,1e-05,27.023,FALSE,FALSE,NA,NA,NA,NA,NA,NA,NA,NA,NA,NA,NA
2021-09-02,NA,"Ottawa-1","Ottawa-ROPEC",0.00017,7e-05,0.00017,6e-05,27.9,FALSE,FALSE,NA,NA,NA,NA,NA,NA,NA,NA,NA,NA,NA
2021-09-03,NA,"Ottawa-1","Ottawa-ROPEC",1e-04,3e-05,0.00011,0,27.81,FALSE,FALSE,NA,NA,NA,NA,NA,NA,NA,NA,NA,NA,NA
2021-09-04,NA,"Ottawa-1","Ottawa-ROPEC",0.00013,2e-05,0.00018,2e-05,28.453,FALSE,FALSE,NA,NA,NA,NA,NA,NA,NA,NA,NA,NA,NA
2021-09-05,NA,"Ottawa-1","Ottawa-ROPEC",0.00013,2e-05,0.00016,6e-05,28.51,FALSE,FALSE,NA,NA,NA,NA,NA,NA,NA,NA,NA,NA,NA
2021-09-06,NA,"Ottawa-1","Ottawa-ROPEC",0.00013,1e-05,1e-04,1e-05,27.343,FALSE,FALSE,NA,NA,NA,NA,NA,NA,NA,NA,NA,NA,NA
2021-09-07,NA,"Ottawa-1","Ottawa-ROPEC",5e-05,1e-05,0.00011,3e-05,27.733,FALSE,FALSE,NA,NA,NA,NA,NA,NA,NA,NA,NA,NA,NA
2021-09-08,NA,"Ottawa-1","Ottawa-ROPEC",3e-05,1e-05,4e-05,1e-05,27.187,FALSE,FALSE,NA,NA,NA,NA,NA,NA,NA,NA,NA,NA,NA
2021-09-09,NA,"Ottawa-1","Ottawa-ROPEC",0.00028,4e-05,0.00042,9e-05,27.213,FALSE,FALSE,NA,NA,NA,NA,NA,NA,NA,NA,NA,NA,NA
2021-09-10,NA,"Ottawa-1","Ottawa-ROPEC",0.00018,5e-05,0.00015,NA,26.897,FALSE,FALSE,NA,NA,NA,NA,NA,NA,NA,NA,NA,NA,NA
2021-09-11,NA,"Ottawa-1","Ottawa-ROPEC",0.00028,8e-05,3e-04,7e-05,27.423,FALSE,FALSE,NA,NA,NA,NA,NA,NA,NA,NA,NA,NA,NA
2021-09-12,NA,"Ottawa-1","Ottawa-ROPEC",0.00035,0.00012,0.00036,3e-05,27.6,FALSE,FALSE,NA,NA,NA,NA,NA,NA,NA,NA,NA,NA,NA
2021-09-13,NA,"Ottawa-1","Ottawa-ROPEC",0.00019,4e-05,3e-04,7e-05,27.057,FALSE,FALSE,NA,NA,NA,NA,NA,NA,NA,NA,NA,NA,NA
2021-09-14,NA,"Ottawa-1","Ottawa-ROPEC",0.00058,1e-04,0.00056,4e-05,28.687,FALSE,FALSE,NA,NA,NA,NA,NA,NA,NA,NA,NA,NA,NA
2021-09-15,NA,"Ottawa-1","Ottawa-ROPEC",0.00015,3e-05,0.00012,3e-05,27.117,FALSE,FALSE,NA,NA,NA,NA,NA,NA,NA,NA,NA,NA,NA
2021-09-16,NA,"Ottawa-1","Ottawa-ROPEC",0.00014,4e-05,0.00013,3e-05,27.937,FALSE,FALSE,NA,NA,NA,NA,NA,NA,NA,NA,NA,NA,NA
2021-09-17,NA,"Ottawa-1","Ottawa-ROPEC",0.00027,6e-05,0.00022,4e-05,27.157,FALSE,FALSE,NA,NA,NA,NA,NA,NA,NA,NA,NA,NA,NA
2021-09-18,NA,"Ottawa-1","Ottawa-ROPEC",0.00022,2e-05,0.00037,1e-05,27.737,FALSE,FALSE,NA,NA,NA,NA,NA,NA,NA,NA,NA,NA,NA
2021-09-19,NA,"Ottawa-1","Ottawa-ROPEC",0.00028,2e-05,0.00021,5e-05,27.867,FALSE,FALSE,NA,NA,NA,NA,NA,NA,NA,NA,NA,NA,NA
2021-09-20,NA,"Ottawa-1","Ottawa-ROPEC",0.00013,3e-05,6e-05,1e-05,27.983,FALSE,FALSE,NA,NA,NA,NA,NA,NA,NA,NA,NA,NA,NA
2021-09-21,NA,"Ottawa-1","Ottawa-ROPEC",0.00018,5e-05,0.00017,2e-05,26.693,FALSE,FALSE,NA,NA,NA,NA,NA,NA,NA,NA,NA,NA,NA
2021-09-22,NA,"Ottawa-1","Ottawa-ROPEC",0.00013,1e-05,0.00011,4e-05,28.827,FALSE,FALSE,NA,NA,NA,NA,NA,NA,NA,NA,NA,NA,NA
2021-09-23,NA,"Ottawa-1","Ottawa-ROPEC",0.00016,4e-05,0.00019,4e-05,27.733,FALSE,FALSE,NA,NA,NA,NA,NA,NA,NA,NA,NA,NA,NA
2021-09-24,NA,"Ottawa-1","Ottawa-ROPEC",9e-05,1e-05,7e-05,2e-05,27.657,FALSE,FALSE,NA,NA,NA,NA,NA,NA,NA,NA,NA,NA,NA
2021-09-25,NA,"Ottawa-1","Ottawa-ROPEC",0.00012,1e-05,7e-05,1e-05,27.417,FALSE,FALSE,NA,NA,NA,NA,NA,NA,NA,NA,NA,NA,NA
2021-09-26,NA,"Ottawa-1","Ottawa-ROPEC",0.00035,6e-05,0.00018,3e-05,27.94,FALSE,FALSE,NA,NA,NA,NA,NA,NA,NA,NA,NA,NA,NA
2021-09-27,NA,"Ottawa-1","Ottawa-ROPEC",1e-04,1e-05,0.00014,2e-05,27.083,FALSE,FALSE,NA,NA,NA,NA,NA,NA,NA,NA,NA,NA,NA
2021-09-28,NA,"Ottawa-1","Ottawa-ROPEC",8e-05,2e-05,4e-05,0,26.82,FALSE,FALSE,NA,NA,NA,NA,NA,NA,NA,NA,NA,NA,NA
2021-09-29,NA,"Ottawa-1","Ottawa-ROPEC",0.00028,4e-05,0.00026,5e-05,27.567,FALSE,FALSE,NA,NA,NA,NA,NA,NA,NA,NA,NA,NA,NA
2021-09-30,NA,"Ottawa-1","Ottawa-ROPEC",1e-04,3e-05,9e-05,3e-05,27.93,FALSE,FALSE,NA,NA,NA,NA,NA,NA,NA,NA,NA,NA,NA
2021-10-01,"o.10.01.21","Ottawa-1","Ottawa-ROPEC",6e-05,2e-05,7e-05,2e-05,26.29383407,FALSE,FALSE,NA,NA,NA,NA,NA,NA,NA,NA,NA,NA,NA
2021-10-02,"o.10.02.21","Ottawa-1","Ottawa-ROPEC",0.00011,3e-05,0.00011,2e-05,26.53002233,FALSE,FALSE,NA,NA,NA,NA,NA,NA,NA,NA,NA,NA,NA
2021-10-03,"o.10.03.21","Ottawa-1","Ottawa-ROPEC",7e-05,2e-05,8e-05,2e-05,26.36640081,FALSE,FALSE,NA,NA,NA,NA,NA,NA,NA,NA,NA,NA,NA
2021-10-04,"o.10.04.21","Ottawa-1","Ottawa-ROPEC",7e-05,2e-05,7e-05,0,27.08333333,FALSE,FALSE,NA,NA,NA,NA,NA,NA,NA,NA,NA,NA,NA
2021-10-05,"o.10.05.21","Ottawa-1","Ottawa-ROPEC",0.00022,4e-05,0.00018,6e-05,27.23187885,FALSE,FALSE,NA,NA,NA,NA,NA,NA,NA,NA,NA,NA,NA
2021-10-06,"o.10.06.21","Ottawa-1","Ottawa-ROPEC",4e-05,1e-05,0.00017,6e-05,27.19998157,FALSE,FALSE,NA,NA,NA,NA,NA,NA,NA,NA,NA,NA,NA
2021-10-07,"o.10.07.21","Ottawa-1","Ottawa-ROPEC",3e-04,8e-05,0.00025,4e-05,27.84284376,FALSE,FALSE,NA,NA,NA,NA,NA,NA,NA,NA,NA,NA,NA
2021-10-08,"o.10.08.21","Ottawa-1","Ottawa-ROPEC",0.00029,7e-05,0.00032,5e-05,27.22333333,FALSE,FALSE,NA,NA,NA,NA,NA,NA,NA,NA,NA,NA,NA
2021-10-09,"o.10.09.21","Ottawa-1","Ottawa-ROPEC",0.00026,4e-05,0.00035,6e-05,26.84666667,FALSE,FALSE,NA,NA,NA,NA,NA,NA,NA,NA,NA,NA,NA
2021-10-10,"o.10.10.21","Ottawa-1","Ottawa-ROPEC",2e-04,2e-05,0.00023,3e-05,25.94,FALSE,FALSE,NA,NA,NA,NA,NA,NA,NA,NA,NA,NA,NA
2021-10-11,"o.10.11.21","Ottawa-1","Ottawa-ROPEC",0.00027,6e-05,0.00024,8e-05,26.43,FALSE,FALSE,NA,NA,NA,NA,NA,NA,NA,NA,NA,NA,NA
2021-10-12,"o.10.12.21","Ottawa-1","Ottawa-ROPEC",4e-04,3e-05,0.00034,8e-05,27.4757744,FALSE,FALSE,NA,NA,NA,NA,NA,NA,NA,NA,NA,NA,NA
2021-10-13,"o.10.13.21","Ottawa-1","Ottawa-ROPEC",1e-04,1e-05,0.00014,2e-05,27.8364822,FALSE,FALSE,NA,NA,NA,NA,NA,NA,NA,NA,NA,NA,NA
2021-10-14,"o.10.14.21","Ottawa-1","Ottawa-ROPEC",0.00014,3e-05,8e-05,2e-05,28.20856739,FALSE,FALSE,NA,NA,NA,NA,NA,NA,NA,NA,NA,NA,NA
2021-10-15,"o.10.15.21","Ottawa-1","Ottawa-ROPEC",2e-04,2e-05,0.00019,2e-05,26.20990748,FALSE,FALSE,NA,NA,NA,NA,NA,NA,NA,NA,NA,NA,NA
2021-10-16,"o.10.16.21","Ottawa-1","Ottawa-ROPEC",1e-04,1e-05,0.00016,1e-05,26.27666667,FALSE,FALSE,NA,NA,NA,NA,NA,NA,NA,NA,NA,NA,NA
2021-10-17,"o.10.17.21","Ottawa-1","Ottawa-ROPEC",0.00022,4e-05,2e-04,2e-05,26.69761048,FALSE,FALSE,NA,NA,NA,NA,NA,NA,NA,NA,NA,NA,NA
2021-10-18,"o.10.18.21","Ottawa-1","Ottawa-ROPEC",2e-04,5e-05,0.00018,0,28.49037772,FALSE,FALSE,NA,NA,NA,NA,NA,NA,NA,NA,NA,NA,NA
2021-10-19,"o.10.19.21","Ottawa-1","Ottawa-ROPEC",0.00013,2e-05,0.00013,3e-05,28.65834318,FALSE,FALSE,NA,NA,NA,NA,NA,NA,NA,NA,NA,NA,NA
2021-10-20,"o.10.20.21","Ottawa-1","Ottawa-ROPEC",0.00024,7e-05,0.00029,6e-05,29.18407694,FALSE,FALSE,NA,NA,NA,NA,NA,NA,NA,NA,NA,NA,NA
2021-10-21,"o.10.21.21","Ottawa-1","Ottawa-ROPEC",0.00015,4e-05,0.00022,6e-05,28.71001449,FALSE,FALSE,NA,NA,NA,NA,NA,NA,NA,NA,NA,NA,NA
2021-10-22,"o.10.22.21","Ottawa-1","Ottawa-ROPEC",0.00025,4e-05,0.00028,1e-05,29.04564515,FALSE,FALSE,NA,NA,NA,NA,NA,NA,NA,NA,NA,NA,NA
2021-10-23,"o.10.23.21","Ottawa-1","Ottawa-ROPEC",4e-05,0,6e-05,2e-05,26.75595566,FALSE,FALSE,NA,NA,NA,NA,NA,NA,NA,NA,NA,NA,NA
2021-10-24,"o.10.24.21","Ottawa-1","Ottawa-ROPEC",0.00011,2e-05,0.00021,1e-05,28.10857402,FALSE,FALSE,NA,NA,NA,NA,NA,NA,NA,NA,NA,NA,NA
2021-10-25,"o.10.25.21","Ottawa-1","Ottawa-ROPEC",0.00012,1e-05,8e-05,1e-05,28.02030557,FALSE,FALSE,NA,NA,NA,NA,NA,NA,NA,NA,NA,NA,NA
2021-10-26,"o.10.26.21","Ottawa-1","Ottawa-ROPEC",0.00012,3e-05,0.00017,5e-05,28.42297731,FALSE,FALSE,NA,NA,NA,NA,NA,NA,NA,NA,NA,NA,NA
2021-10-27,"o.10.27.21","Ottawa-1","Ottawa-ROPEC",0.00088,0.00025,0.00064,0.00021,29.32884761,FALSE,FALSE,NA,NA,NA,NA,NA,NA,NA,NA,NA,NA,NA
2021-10-28,"o.10.28.21","Ottawa-1","Ottawa-ROPEC",0.00012,3e-05,9e-05,2e-05,29.23220472,FALSE,FALSE,NA,NA,NA,NA,NA,NA,NA,NA,NA,NA,NA
2021-10-29,"o.10.29.21","Ottawa-1","Ottawa-ROPEC",8e-05,3e-05,3e-05,0,27.65465415,FALSE,FALSE,NA,NA,NA,NA,NA,NA,NA,NA,NA,NA,NA
2021-10-30,"o.10.30.21","Ottawa-1","Ottawa-ROPEC",9e-05,1e-05,0.00015,4e-05,28.4816959,FALSE,FALSE,NA,NA,NA,NA,NA,NA,NA,NA,NA,NA,NA
2021-10-31,"o.10.31.21","Ottawa-1","Ottawa-ROPEC",0.00011,1e-05,0.00012,2e-05,28.1760211,FALSE,FALSE,NA,NA,NA,NA,NA,NA,NA,NA,NA,NA,NA
2021-11-01,"o.11.01.21","Ottawa-1","Ottawa-ROPEC",3e-05,0,5e-05,1e-05,28.32019018,FALSE,FALSE,NA,NA,NA,NA,NA,NA,NA,NA,NA,NA,NA
2021-11-02,"o.11.02.21","Ottawa-1","Ottawa-ROPEC",3e-05,1e-05,0.00012,3e-05,28.0390095,FALSE,FALSE,NA,NA,NA,NA,NA,NA,NA,NA,NA,NA,NA
2021-11-03,"o.11.03.21","Ottawa-1","Ottawa-ROPEC",5e-05,1e-05,0.00013,0,28.60886873,FALSE,FALSE,NA,NA,NA,NA,NA,NA,NA,NA,NA,NA,NA
2021-11-04,"o.11.04.21","Ottawa-1","Ottawa-ROPEC",7e-05,3e-05,4e-05,1e-05,28.8542338,FALSE,FALSE,NA,NA,NA,NA,NA,NA,NA,NA,NA,NA,NA
2021-11-05,"o.11.05.21","Ottawa-1","Ottawa-ROPEC",0.00017,0.00011,0.00022,3e-05,29.71166866,FALSE,FALSE,NA,NA,NA,NA,NA,NA,NA,NA,NA,NA,NA
2021-11-06,"o.11.06.21","Ottawa-1","Ottawa-ROPEC",0.00016,2e-05,8e-05,1e-05,29.34112102,FALSE,FALSE,NA,NA,NA,NA,NA,NA,NA,NA,NA,NA,NA
2021-11-07,"o.11.07.21","Ottawa-1","Ottawa-ROPEC",4e-05,4e-05,1e-05,0,29.41386206,FALSE,FALSE,NA,NA,NA,NA,NA,NA,NA,NA,NA,NA,NA
2021-11-08,"o.11.08.21","Ottawa-1","Ottawa-ROPEC",1e-04,3e-05,7e-05,2e-05,29.64462182,FALSE,FALSE,NA,NA,NA,NA,NA,NA,NA,NA,NA,NA,NA
2021-11-09,"o.11.09.21","Ottawa-1","Ottawa-ROPEC",3e-05,0,6e-05,1e-05,28.6401457,FALSE,FALSE,NA,NA,NA,NA,NA,NA,NA,NA,NA,NA,NA
2021-11-10,"o.11.10.21","Ottawa-1","Ottawa-ROPEC",0.00017,1e-05,0.00027,5e-05,28.82368712,FALSE,FALSE,NA,NA,NA,NA,NA,NA,NA,NA,NA,NA,NA
2021-11-11,"o.11.11.21","Ottawa-1","Ottawa-ROPEC",0.00018,6e-05,0.00016,1e-05,29.99588707,FALSE,FALSE,NA,NA,NA,NA,NA,NA,NA,NA,NA,NA,NA
2021-11-12,"o.11.12.21","Ottawa-1","Ottawa-ROPEC",4e-05,1e-05,4e-05,1e-05,27.20363696,FALSE,FALSE,NA,NA,NA,NA,NA,NA,NA,NA,NA,NA,NA
2021-11-13,"o.11.13.21","Ottawa-1","Ottawa-ROPEC",9e-05,1e-05,5e-05,2e-05,27.47834925,FALSE,FALSE,NA,NA,NA,NA,NA,NA,NA,NA,NA,NA,NA
2021-11-14,"o.11.14.21","Ottawa-1","Ottawa-ROPEC",3e-05,1e-05,2e-05,0,27.24947492,FALSE,FALSE,NA,NA,NA,NA,NA,NA,NA,NA,NA,NA,NA
2021-11-15,"o.11.15.21","Ottawa-1","Ottawa-ROPEC",4e-05,1e-05,3e-05,1e-05,26.86716135,FALSE,FALSE,NA,NA,NA,NA,NA,NA,NA,NA,NA,NA,NA
2021-11-16,"o.11.16.21","Ottawa-1","Ottawa-ROPEC",8e-05,1e-05,6e-05,2e-05,26.59020587,FALSE,FALSE,NA,NA,NA,NA,NA,NA,NA,NA,NA,NA,NA
2021-11-17,"o.11.17.21","Ottawa-1","Ottawa-ROPEC",7e-05,1e-05,6e-05,1e-05,27.32587742,FALSE,FALSE,NA,NA,NA,NA,NA,NA,NA,NA,NA,NA,NA
2021-11-18,"o.11.18.21","Ottawa-1","Ottawa-ROPEC",0.00017,4e-05,0.00017,4e-05,27.89121339,FALSE,FALSE,NA,NA,NA,NA,NA,NA,NA,NA,NA,NA,NA
2021-11-19,"o.11.19.21","Ottawa-1","Ottawa-ROPEC",8e-05,1e-05,9e-05,2e-05,27.2080507,FALSE,FALSE,NA,NA,NA,NA,NA,NA,NA,NA,NA,NA,NA
2021-11-20,"o.11.20.21","Ottawa-1","Ottawa-ROPEC",0.00013,4e-05,1e-04,2e-05,28.47970884,FALSE,FALSE,NA,NA,NA,NA,NA,NA,NA,NA,NA,NA,NA
2021-11-21,"o.11.21.21","Ottawa-1","Ottawa-ROPEC",2e-05,0,2e-05,0,27.65584693,FALSE,FALSE,NA,NA,NA,NA,NA,NA,NA,NA,NA,NA,NA
2021-11-22,"o.11.22.21","Ottawa-1","Ottawa-ROPEC",0.00011,3e-05,0.00013,2e-05,27.19437337,FALSE,FALSE,NA,NA,NA,NA,NA,NA,NA,NA,NA,NA,NA
2021-11-23,"o.11.23.21","Ottawa-1","Ottawa-ROPEC",0.00011,2e-05,1e-04,2e-05,27.51133355,FALSE,FALSE,NA,NA,NA,NA,NA,NA,NA,NA,NA,NA,NA
2021-11-24,"o.11.24.21","Ottawa-1","Ottawa-ROPEC",0.00014,2e-05,0.00011,1e-05,27.59474581,FALSE,FALSE,NA,NA,NA,NA,NA,NA,NA,NA,NA,NA,NA
2021-11-25,"o.11.25.21","Ottawa-1","Ottawa-ROPEC",6e-05,1e-05,7e-05,0,26.76380873,FALSE,FALSE,NA,NA,NA,NA,NA,NA,NA,NA,NA,NA,NA
2021-11-26,"o.11.26.21","Ottawa-1","Ottawa-ROPEC",5e-05,1e-05,3e-05,0,28.745194,FALSE,FALSE,NA,NA,NA,NA,NA,NA,NA,NA,NA,NA,NA
2021-11-27,"o.11.27.21","Ottawa-1","Ottawa-ROPEC",1e-04,2e-05,0.00013,2e-05,29.24358084,FALSE,FALSE,NA,NA,NA,NA,NA,NA,NA,NA,NA,NA,NA
2021-11-28,"o.11.28.21","Ottawa-1","Ottawa-ROPEC",0.00013,4e-05,0.00012,2e-05,29.07005153,FALSE,FALSE,NA,NA,NA,NA,NA,NA,NA,NA,NA,NA,NA
2021-11-29,"o.11.29.21","Ottawa-1","Ottawa-ROPEC",0.00012,2e-05,8e-05,2e-05,28.19966175,FALSE,FALSE,NA,NA,NA,NA,NA,NA,NA,NA,NA,NA,NA
2021-11-30,"o.11.30.21","Ottawa-1","Ottawa-ROPEC",0.00011,1e-05,0.00011,2e-05,27.51955263,FALSE,FALSE,NA,NA,NA,NA,NA,NA,NA,NA,NA,NA,NA
2021-12-01,"o.12.01.21","Ottawa-1","Ottawa-ROPEC",0.00016,1e-05,0.00013,3e-05,28.41393739,FALSE,FALSE,NA,NA,NA,NA,NA,NA,NA,NA,NA,NA,NA
2021-12-02,"o.12.02.21","Ottawa-1","Ottawa-ROPEC",6e-05,1e-05,6e-05,0,27.59666667,FALSE,FALSE,NA,NA,NA,NA,NA,NA,NA,NA,NA,NA,NA
2021-12-03,"o.12.03.21","Ottawa-1","Ottawa-ROPEC",9e-05,0,0.00011,1e-05,27.38666667,FALSE,FALSE,NA,NA,NA,TRUE,TRUE,0.97466769,0.196308636,TRUE,FALSE,0,0
2021-12-04,"o.12.04.21","Ottawa-1","Ottawa-ROPEC",0.00014,2e-05,0.00012,1e-05,28.40195667,FALSE,FALSE,NA,NA,NA,FALSE,NA,NA,NA,TRUE,FALSE,0,0
2021-12-05,"o.12.05.21","Ottawa-1","Ottawa-ROPEC",0.00014,0,1e-04,2e-05,27.38138428,FALSE,FALSE,NA,NA,NA,TRUE,TRUE,0.901563183,0.218474001,TRUE,FALSE,0,0
2021-12-06,"o.12.06.21","Ottawa-1","Ottawa-ROPEC",0.00014,3e-05,0.00013,4e-05,27.25825051,FALSE,FALSE,NA,NA,NA,FALSE,NA,NA,NA,TRUE,FALSE,0,0
2021-12-07,"o.12.07.21","Ottawa-1","Ottawa-ROPEC",1e-05,0,3e-05,0,27.04609057,FALSE,FALSE,NA,NA,NA,TRUE,TRUE,1.107790656,0.265537868,TRUE,FALSE,0,0
2021-12-08,"o.12.08.21","Ottawa-1","Ottawa-ROPEC",9e-05,2e-05,6e-05,1e-05,27.14211767,FALSE,FALSE,NA,NA,NA,TRUE,TRUE,0.751454881,0.070635872,TRUE,FALSE,0,0
2021-12-09,"o.12.09.21","Ottawa-1","Ottawa-ROPEC",2e-05,1e-05,6e-05,1e-05,27.7344492,FALSE,FALSE,NA,NA,NA,TRUE,TRUE,0.798140962,0.238334846,TRUE,FALSE,0,0
2021-12-10,"o.12.10.21","Ottawa-1","Ottawa-ROPEC",0.00011,0,0.00015,2e-05,26.98019199,FALSE,FALSE,NA,NA,NA,TRUE,TRUE,0.633104054,0.108713639,TRUE,FALSE,0,0
2021-12-11,"o.12.11.21","Ottawa-1","Ottawa-ROPEC",0.00013,2e-05,8e-05,1e-05,27.16843994,FALSE,FALSE,NA,NA,NA,TRUE,TRUE,0.617926608,0.192533748,TRUE,TRUE,0.0561583592,0.0106233067
2021-12-12,"o.12.12.21","Ottawa-1","Ottawa-ROPEC",0.00026,2e-05,0.00022,6e-05,27.80107389,FALSE,FALSE,NA,NA,NA,TRUE,TRUE,0.406054497,0.159165683,FALSE,FALSE,NA,NA
2021-12-13,"o.12.13.21","Ottawa-1","Ottawa-ROPEC",0.00011,2e-05,0.00012,3e-05,28.0009674,FALSE,FALSE,NA,NA,NA,TRUE,TRUE,0.885231326,0.280285573,TRUE,TRUE,0.3321473421,0.2193679574
2021-12-14,"o.12.14.21","Ottawa-1","Ottawa-ROPEC",0.00014,3e-05,0.00013,1e-05,26.79666667,FALSE,FALSE,NA,NA,NA,TRUE,TRUE,0.632193862,0.140947467,TRUE,TRUE,0.1027773979,0.0266161571
2021-12-15,"o.12.15.21","Ottawa-1","Ottawa-ROPEC",0.00012,2e-05,0.00026,3e-05,28.0469009,FALSE,FALSE,NA,NA,NA,TRUE,TRUE,0.832343444,0.306006034,TRUE,TRUE,0.5471877199,0.1186324717
2021-12-16,"o.12.16.21","Ottawa-1","Ottawa-ROPEC",0.00026,3e-05,0.00031,6e-05,28.19150823,FALSE,FALSE,NA,NA,NA,TRUE,TRUE,0.16396319,0.11685345,TRUE,TRUE,0.50517799,0.09554365
2021-12-17,"o.12.17.21","Ottawa-1","Ottawa-ROPEC",0.00032,4e-05,0.00033,8e-05,28.12666667,FALSE,FALSE,NA,NA,NA,TRUE,TRUE,0.27797363,0.18925813,TRUE,TRUE,0.30964451,0.12332165
2021-12-18,"o.12.18.21","Ottawa-1","Ottawa-ROPEC",0.00039,5e-05,0.00045,2e-05,28.36666667,FALSE,FALSE,NA,NA,NA,TRUE,TRUE,0.15023252,0.02453937,TRUE,TRUE,0.37698317,0.12624057
2021-12-19,"o.12.19.21","Ottawa-1","Ottawa-ROPEC",0.00046,7e-05,0.00043,2e-05,28.01333333,FALSE,FALSE,NA,NA,NA,TRUE,TRUE,0.1179058,0.01163091,TRUE,TRUE,0.45733919,0.13637668
2021-12-20,"o.12.20.21","Ottawa-1","Ottawa-ROPEC",0.00024,2e-05,0.00022,2e-05,27.52333333,FALSE,FALSE,NA,NA,NA,NA,NA,NA,NA,NA,NA,NA,NA
2021-12-21,"o.12.21.21","Ottawa-1","Ottawa-ROPEC",0.00026,1e-05,0.00052,0.00012,29.74,FALSE,FALSE,NA,NA,NA,NA,NA,NA,NA,NA,NA,NA,NA
2021-12-23,"o.12.23.21","Ottawa-1","Ottawa-ROPEC",0.00035,8e-05,0.00029,7e-05,29.13,FALSE,FALSE,NA,NA,NA,NA,NA,NA,NA,NA,NA,NA,NA
2021-12-24,"o.12.24.21","Ottawa-1","Ottawa-ROPEC",0.00055,9e-05,0.00042,0.00011,29.08666667,FALSE,FALSE,NA,NA,NA,NA,NA,NA,NA,NA,NA,NA,NA
2021-12-25,"o.12.25.21","Ottawa-1","Ottawa-ROPEC",0.00095,5e-05,0.00117,0.00021,29.51,FALSE,FALSE,NA,NA,NA,NA,NA,NA,NA,NA,NA,NA,NA
2021-12-26,"o.12.26.21","Ottawa-1","Ottawa-ROPEC",0.00076,1e-04,0.00108,0.00017,29.1,FALSE,FALSE,NA,NA,NA,NA,NA,NA,NA,NA,NA,NA,NA
2021-12-27,"o.12.27.21","Ottawa-1","Ottawa-ROPEC",0.00093,9e-05,0.00101,5e-05,29.26333333,FALSE,FALSE,NA,NA,NA,NA,NA,NA,NA,NA,NA,NA,NA
2021-12-28,"o.12.28.21","Ottawa-1","Ottawa-ROPEC",0.00039,6e-05,3e-04,2e-05,27.6,FALSE,FALSE,NA,NA,NA,NA,NA,NA,NA,NA,NA,NA,NA
2021-12-29,"o.12.29.21","Ottawa-1","Ottawa-ROPEC",0.00052,7e-05,0.00062,4e-05,27.85,FALSE,FALSE,NA,NA,NA,NA,NA,NA,NA,NA,NA,NA,NA
2021-12-30,"o.12.30.21","Ottawa-1","Ottawa-ROPEC",0.00069,6e-05,0.00079,0.00011,28.12,FALSE,FALSE,NA,NA,NA,NA,NA,NA,NA,NA,NA,NA,NA
2021-12-31,"o.12.31.21","Ottawa-1","Ottawa-ROPEC",0.00012,2e-05,0.00014,2e-05,25.95333333,FALSE,FALSE,NA,NA,NA,NA,NA,NA,NA,NA,NA,NA,NA
2022-01-01,"o.01.01.22","Ottawa-1","Ottawa-ROPEC",0.00085,7e-05,0.00106,5e-05,28.16666667,FALSE,FALSE,NA,NA,NA,NA,NA,NA,NA,NA,NA,NA,NA
2022-01-02,"o.01.02.22","Ottawa-1","Ottawa-ROPEC",0.00062,0,0.00103,0.00015,28.17,FALSE,FALSE,NA,NA,NA,NA,NA,NA,NA,NA,NA,NA,NA
2022-01-03,"o.01.03.22","Ottawa-1","Ottawa-ROPEC",0.00087,0.00018,0.0011,0.00017,28.40666667,FALSE,FALSE,NA,NA,NA,NA,NA,NA,NA,NA,NA,NA,NA
2022-01-04,"covN1","Ottawa-1","Ottawa-ROPEC",0.00115,6e-05,0.00158,0.00017,29.55333333,FALSE,FALSE,NA,NA,NA,NA,NA,NA,NA,NA,NA,NA,NA
